"TIME_PERIOD","TIME_IDENTIFIER","TRUST_GROUP_TYPE","TRUST_NAME","TRUST_UID","TRUST_ID","TRUST_COMPANIES_HOUSE_NUMBER","TRUST_UKPRN","TRUST_LEADREGION","INSTITUTIONS_MATPTINC","NUMINST_ACAD_MATPTINC","NUMINST_ACAD_CONVERTER_MATPTINC","NUMINST_ACAD_SPONSOR_MATPTINC","NUMINST_ACAD_FREE_MATPTINC","NUMINST_ACAD_UTC_MATPTINC","NUMINST_ACAD_STUDIO_MATPTINC","NUMINST_ACAD_3_MATPTINC","NUMINST_ACAD_4_MATPTINC","NUMINST_ACAD_5PLUS_MATPTINC","NUMINST_AGEN_MATPTINC","NUMINST_AGEN_CONVERTER_MATPTINC","NUMINST_AGEN_SPONSOR_MATPTINC","NUMINST_AGEN_FREE_MATPTINC","NUMINST_AGEN_UTC_MATPTINC","NUMINST_AGEN_STUDIO_MATPTINC","NUMINST_AGEN_3_MATPTINC","NUMINST_AGEN_4_MATPTINC","NUMINST_AGEN_5PLUS_MATPTINC","TALLPUP_ACAD_MATPTINC","TALLSCR_ACAD_1618","TALLENT_ACAD_1618","TALLPPE_ACAD_1618","TALLPPE_GRD_ACAD_1618","VA_ACAD_1618","LCI_ACAD_1618","UCI_ACAD_1618","PB_ACAD_1618","TALLPUP_ACAD_DIS_MATPTINC","TALLSCR_ACAD_1618_DIS","TALLENT_ACAD_1618_DIS","TALLPPE_ACAD_1618_DIS","TALLPPE_GRD_ACAD_1618_DIS","perc_DIS_ACAD","VA_ACAD_1618_DIS","LCI_ACAD_1618_DIS","UCI_ACAD_1618_DIS","TALLPUP_ACAD_NOTDIS_MATPTINC","TALLSCR_ACAD_1618_NOTDIS","TALLENT_ACAD_1618_NOTDIS","TALLPPE_ACAD_1618_NOTDIS","TALLPPE_GRD_ACAD_1618_NOTDIS","VA_ACAD_1618_NOTDIS","LCI_ACAD_1618_NOTDIS","UCI_ACAD_1618_NOTDIS","TALLPUP_AGEN_MATPTINC","TALLSCR_AGEN","TALLENT_AGEN","TALLPPE_AGEN","TALLPPE_GRD_AGEN","VA_AGEN","LCI_AGEN","UCI_AGEN","PB_AGEN","TALLPUP_AGEN_DIS_MATPTINC","TALLSCR_AGEN_DIS","TALLENT_AGEN_DIS","TALLPPE_AGEN_DIS","TALLPPE_GRD_AGEN_DIS","perc_DIS_AGEN","VA_AGEN_DIS","LCI_AGEN_DIS","UCI_AGEN_DIS","TALLPUP_AGEN_NOTDIS_MATPTINC","TALLSCR_AGEN_NOTDIS","TALLENT_AGEN_NOTDIS","TALLPPE_AGEN_NOTDIS","TALLPPE_GRD_AGEN_NOTDIS","VA_AGEN_NOTDIS","LCI_AGEN_NOTDIS","UCI_AGEN_NOTDIS","INSTITUTIONS_INMAT","NUMINST_1618_INMAT","NUMINST_1618_CONVERTER_INMAT","NUMINST_1618_SPONSOR_INMAT","NUMINST_1618_FREE_INMAT","NUMINST_1618_UTC_INMAT","NUMINST_1618_STUDIO_INMAT","NUMINST_ACAD_INMAT","NUMINST_ACAD_CONVERTER_INMAT","NUMINST_ACAD_SPONSOR_INMAT","NUMINST_ACAD_FREE_INMAT","NUMINST_ACAD_UTC_INMAT","NUMINST_ACAD_STUDIO_INMAT","NUMINST_AGEN_INMAT","NUMINST_AGEN_CONVERTER_INMAT","NUMINST_AGEN_SPONSOR_INMAT","NUMINST_AGEN_FREE_INMAT","NUMINST_AGEN_UTC_INMAT","NUMINST_AGEN_STUDIO_INMAT","TALLPUP_1618_INMAT","TALLPUP_ACAD_INMAT","TALLPUP_ACAD_DIS_INMAT","TALLPUP_ACAD_NOTDIS_INMAT","TALLPUP_AGEN_INMAT","TALLPUP_AGEN_DIS_INMAT","TALLPUP_AGEN_NOTDIS_INMAT"
"202425","AcademicYear","Multi-academy trust","ACADEMY TRANSFORMATION TRUST","2062","TR00015","7846852","10039859","East of England","142594, 139867, 139062, 139063","4","2","2","0","0","0","0","0","4","4","2","2","0","0","0","0","0","4","142","9411","330.7","28.46","C","-0.17","-0.28","-0.06","4","25","1255","55","22.82","D+","18%","-0.45","-0.74","-0.15","116","8116","273.7","29.65","C","-0.11","-0.24","0.01","106","4657","163","28.57","Merit+","-0.25","-0.39","-0.12","4","20","627","26","24.12","Merit","19%","-0.36","-0.69","-0.03","85","4004","136","29.44","Merit+","-0.23","-0.38","-0.08","142594, 138918, 139867, 139062, 139063","5","2","3","0","0","0","4","2","2","0","0","0","4","2","2","0","0","0","209","142","25","116","106","20","85"
"202425","AcademicYear","Multi-academy trust","ACTIVATE LEARNING EDUCATION TRUST","15710","TR02786","8707909","10060613","South East","146375, 145945, 139268, 141111, 142024, 145155","6","0","2","0","4","0","0","0","6","6","0","2","0","4","0","0","0","6","242","14426","558.1","25.85","C-","-0.35","-0.44","-0.25","4","30","1208","56.3","21.46","D","12%","-0.5","-0.8","-0.2","203","12859","478.4","26.88","C-","-0.33","-0.43","-0.23","93","4677.5","172","27.19","Merit+","-0.28","-0.46","-0.11","4","15","780","32","24.38","Merit","16%","-0.6","-1.03","-0.16","65","3462.5","125","27.7","Merit+","-0.23","-0.43","-0.02","146375, 145945, 139268, 141111, 142024, 145155","6","0","2","0","4","0","6","0","2","0","4","0","6","0","2","0","4","0","377","242","30","203","93","15","77"
"202425","AcademicYear","Multi-academy trust","ALDRIDGE EDUCATION","2096","TR00628","5670663","10058195","North West","146303, 139924, 135580, 136164","4","0","2","0","1","1","0","0","4","3","0","2","0","0","1","0","0","3","74","3570","119","30","C","-0.19","-0.38","0","3","18","920","27.5","33.45","C+","24%","0","-0.42","0.42","55","2640","91","29.01","C","-0.25","-0.46","-0.04","44","1826","77","23.71","Merit","-0.43","-0.64","-0.22","4","9","326","16","20.38","Merit-","20%","-0.73","-1.2","-0.27","35","1500","61","24.59","Merit","-0.35","-0.59","-0.12","146303, 139924, 135580, 136164","4","0","2","0","1","1","4","0","2","0","1","1","3","0","2","0","0","1","195","74","18","55","44","9","35"
"202425","AcademicYear","Multi-academy trust","AMBITION EDUCATION TRUST","16752","TR01869","7523557","10058506","East of England","137038, 146305, 136609","3","2","1","0","0","0","0","0","3","3","2","1","0","0","0","0","0","3","423","48255","1236.4","39.03","B","0.2","0.14","0.26","2","SUPPM","SUPPM","SUPPM","SUPPM","SUPPM","SUPPM","SUPPM","SUPPM","SUPPM","SUPPM","SUPPM","SUPPM","SUPPM","SUPPM","SUPPM","SUPPM","SUPPM","109","4195.5","140.5","29.86","Merit+","-0.01","-0.15","0.12","3","9","251.5","10","25.15","Merit","8%","-0.26","-0.79","0.26","100","3944","130.5","30.22","Dist-","0.01","-0.13","0.15","137038, 146305, 145430, 137339, 136609","5","3","2","0","0","0","5","3","2","0","0","0","5","3","2","0","0","0","620","574","33","535","130","13","117"
"202425","AcademicYear","Multi-academy trust","ANTHEM SCHOOLS TRUST","2597","TR00429","7468210","10058447","East Midlands","134003, 136261, 138571, 137873","4","1","3","0","0","0","0","0","4","4","1","3","0","0","0","0","0","4","212","18613","574.4","32.4","C+","0.15","0.06","0.24","2","26","2007","62.6","32.06","C+","12%","0.08","-0.2","0.36","182","16426","501.3","32.77","C+","0.16","0.06","0.25","57","2591.5","84.5","30.67","Dist-","0.35","0.17","0.54","2","11","492.5","15.5","31.77","Dist-","19%","0.35","-0.1","0.8","44","2099","68","30.87","Dist-","0.39","0.18","0.6","134003, 136261, 138571, 137873","4","1","3","0","0","0","4","1","3","0","0","0","4","1","3","0","0","0","264","212","26","182","57","11","46"
"202425","AcademicYear","Multi-academy trust","ARCHWAY LEARNING TRUST","2363","TR00242","7875164","10052837","East Midlands","139765, 137798, 136716, 143934","3","3","0","0","0","0","0","1","2","4","4","0","0","0","0","0","2","2","298","17747","688.7","25.77","C-","-0.35","-0.43","-0.27","4","SUPPM","SUPPM","SUPPM","SUPPM","SUPPM","SUPPM","SUPPM","SUPPM","SUPPM","SUPPM","SUPPM","SUPPM","SUPPM","SUPPM","SUPPM","SUPPM","SUPPM","168","7465.5","281.5","26.52","Merit","-0.35","-0.47","-0.24","4","SUPPM","SUPPM","SUPPM","SUPPM","SUPPM","SUPPM","SUPPM","SUPPM","SUPPM","SUPPM","SUPPM","SUPPM","SUPPM","SUPPM","SUPPM","SUPPM","SUPPM","139765, 137798, 136716, 143934","4","4","0","0","0","0","3","3","0","0","0","0","4","4","0","0","0","0","444","298","92","196","168","50","115"
"202425","AcademicYear","Multi-academy trust","ARETÃ‰ LEARNING TRUST","5622","TR03123","9471240","10060960","Yorkshire and the Humber","146969, 141930, 145090","3","2","1","0","0","0","0","0","3","3","2","1","0","0","0","0","0","3","183","17389","515","33.77","C+","0.01","-0.08","0.1","3","17","1240","42.6","29.11","C","9%","-0.17","-0.49","0.15","163","15881","463.1","34.29","C+","0.02","-0.07","0.12","49","2007.5","61","32.91","Dist-","0.25","0.02","0.48","2","SUPP","SUPP","SUPP","SUPP","SUPP","SUPP","SUPP","SUPP","SUPP","SUPP","SUPP","SUPP","SUPP","SUPP","SUPP","SUPP","SUPP","146969, 141930, 145090, 136728","4","3","1","0","0","0","4","3","1","0","0","0","4","3","1","0","0","0","236","194","18","173","56","10","46"
"202425","AcademicYear","Multi-academy trust","ARK SCHOOLS","2157","TR00081","5112090","10044534","London","138267, 138681, 135242, 141019, 146318, 139815, 138518, 131752, 135315, 135584, 135600, 135970","12","1","9","2","0","0","0","0","12","12","1","9","2","0","0","0","0","12","632","67955","1851.5","36.7","B-","0.15","0.1","0.2","2","249","25318","733.9","34.5","C+","39%","0.07","-0.01","0.16","373","41897","1094.6","38.28","B-","0.2","0.14","0.26","417","42317.5","1160.5","36.46","Dist","0.55","0.46","0.63","2","205","21012.5","578.5","36.32","Dist","49%","0.57","0.44","0.69","204","20400","560","36.43","Dist","0.53","0.41","0.65","138267, 138681, 135242, 141019, 146318, 139815, 141752, 138518, 131752, 135315, 135584, 135600, 135970","13","1","9","3","0","0","12","1","9","2","0","0","12","1","9","2","0","0","1115","632","249","375","417","205","204"
"202425","AcademicYear","Multi-academy trust","ASCEND LEARNING TRUST","16676","TR01828","7569743","10058663","South West","136911, 137650, 135804","3","2","1","0","0","0","0","0","3","3","2","1","0","0","0","0","0","3","220","18773.8","558.3","33.63","C+","-0.01","-0.1","0.08","3","SUPPM","SUPPM","SUPPM","SUPPM","SUPPM","SUPPM","SUPPM","SUPPM","SUPPM","SUPPM","SUPPM","SUPPM","SUPPM","SUPPM","SUPPM","SUPPM","SUPPM","129","6540","188.5","34.69","Dist","0.26","0.12","0.4","2","14","612.5","20.5","29.88","Merit+","11%","-0.11","-0.52","0.31","113","5827.5","164","35.53","Dist","0.31","0.16","0.45","136911, 137650, 135804","3","2","1","0","0","0","3","2","1","0","0","0","3","2","1","0","0","0","281","220","18","197","129","14","113"
"202425","AcademicYear","Multi-academy trust","ASPIRATIONS ACADEMIES TRUST","2186","TR00103","7867577","10059468","London","142126, 137009, 145121, 147443, 139711, 138499, 140886","7","1","4","0","0","2","0","0","7","5","1","3","0","0","1","0","0","5","240","16469","585.9","28.11","C-","-0.03","-0.11","0.06","3","41","2569","99.7","25.77","C-","17%","-0.1","-0.31","0.12","185","12595","445.6","28.27","C-","-0.04","-0.13","0.06","117","6630","226.5","29.27","Merit+","0.09","-0.05","0.22","3","26","1499","52.5","28.55","Merit+","22%","0.12","-0.16","0.39","76","4296","148","29.03","Merit+","0.04","-0.13","0.21","142126, 137009, 145121, 147443, 139711, 138499, 140886","7","1","4","0","0","2","7","1","4","0","0","2","5","1","3","0","0","1","329","240","41","194","117","26","87"
"202425","AcademicYear","Multi-academy trust","ASTREA ACADEMY TRUST","16104","TR03436","9791051","10061035","Yorkshire and the Humber","146370, 145864, 137305, 136992","3","2","0","1","0","0","0","0","3","3","2","1","0","0","0","0","0","3","214","18684","606.4","30.81","C","-0.24","-0.32","-0.15","4","SUPPM","SUPPM","SUPPM","SUPPM","SUPPM","SUPPM","SUPPM","SUPPM","SUPPM","SUPPM","SUPPM","SUPPM","SUPPM","SUPPM","SUPPM","SUPPM","SUPPM","58","2532.5","86.5","29.28","Merit+","-0.14","-0.36","0.07","3","SUPP","SUPP","SUPP","SUPP","SUPP","SUPP","SUPP","SUPP","SUPP","SUPP","SUPP","SUPP","SUPP","SUPP","SUPP","SUPP","SUPP","146370, 145864, 137305, 136992","4","2","1","1","0","0","3","2","0","1","0","0","3","2","1","0","0","0","261","214","33","180","58","5","53"
"202425","AcademicYear","Multi-academy trust","BETTER FUTURES MULTIACADEMY TRUST","17150","TR03673","10817914","10081879","West Midlands","147285, 147756, 145174","3","3","0","0","0","0","0","0","3","3","3","0","0","0","0","0","0","3","1644","128718","4123.3","31.22","C","-0.23","-0.26","-0.2","4","258","16615","594.7","27.94","C-","16%","-0.29","-0.38","-0.2","1357","109659","3446.1","31.82","C+","-0.22","-0.26","-0.19","923","45025","1537","29.29","Merit+","-0.04","-0.1","0.01","3","183","9262","323","28.67","Merit+","20%","0.01","-0.12","0.14","735","35468","1206","29.41","Merit+","-0.06","-0.12","0","147285, 147756, 145174","3","3","0","0","0","0","3","3","0","0","0","0","3","3","0","0","0","0","2427","1644","258","1357","923","183","735"
"202425","AcademicYear","Multi-academy trust","BEYOND SCHOOLS TRUST","3123","TR00810","7401701","10058382","South East","138511, 136337, 137376","3","2","1","0","0","0","0","0","3","3","2","1","0","0","0","0","0","3","226","17300","541.9","31.92","C+","-0.15","-0.23","-0.06","4","24","1380","50","27.6","C-","11%","-0.47","-0.77","-0.16","199","15770","484.9","32.52","C+","-0.11","-0.2","-0.02","119","5430.5","188.5","28.81","Merit+","-0.18","-0.32","-0.04","4","18","776.5","30.5","25.46","Merit","15%","-0.23","-0.58","0.12","100","4624","156","29.64","Merit+","-0.17","-0.32","-0.02","138511, 150869, 150870, 136337, 137376","5","4","1","0","0","0","5","4","1","0","0","0","5","4","1","0","0","0","330","260","31","226","169","27","141"
"202425","AcademicYear","Multi-academy trust","BISHOP BEWICK CATHOLIC EDUCATION TRUST","16761","TR01843","7841435","10059424","North East","141814, 140081, 137900, 137708, 137734","5","5","0","0","0","0","0","2","3","5","5","0","0","0","0","0","2","3","496","45002","1296","34.72","C+","-0.17","-0.23","-0.11","4","SUPPM","SUPPM","SUPPM","SUPPM","SUPPM","SUPPM","SUPPM","SUPPM","SUPPM","SUPPM","SUPPM","SUPPM","SUPPM","SUPPM","SUPPM","SUPPM","SUPPM","200","10480.5","328.5","31.9","Dist-","0.02","-0.08","0.12","3","56","2790","93","30","Dist-","28%","-0.01","-0.21","0.19","144","7690.5","235.5","32.66","Dist-","0.03","-0.09","0.15","141814, 140081, 137900, 137708, 137734","5","5","0","0","0","0","5","5","0","0","0","0","5","5","0","0","0","0","577","496","90","405","200","56","144"
"202425","AcademicYear","Multi-academy trust","BISHOP CHADWICK CATHOLIC EDUCATION TRUST","16013","TR03359","9940352","10061060","North East","139538, 138054, 148304, 139878, 142601","5","5","0","0","0","0","0","1","4","5","5","0","0","0","0","0","1","4","332","25813","831.1","31.06","C","-0.34","-0.41","-0.27","4","45","2887","108.9","26.51","C-","14%","-0.58","-0.79","-0.37","282","22546","708.2","31.84","C+","-0.3","-0.38","-0.22","145","7190","210","34.24","Dist","0.22","0.09","0.34","2","20","922.5","30.5","30.25","Dist-","14%","-0.02","-0.35","0.31","124","6232.5","178.5","34.92","Dist","0.26","0.12","0.39","139538, 138054, 148304, 139878, 142601","5","5","0","0","0","0","5","5","0","0","0","0","5","5","0","0","0","0","382","332","45","282","145","20","124"
"202425","AcademicYear","Multi-academy trust","BISHOP HOGARTH CATHOLIC EDUCATION TRUST","2548","TR00392","7808732","10055116","North East","137702, 137622, 140867","3","3","0","0","0","0","0","0","3","3","3","0","0","0","0","0","0","3","258","23702","677.2","35","B-","-0.04","-0.12","0.04","3","34","2464","78.7","31.31","C","13%","-0.19","-0.43","0.05","224","21238","598.5","35.49","B-","-0.02","-0.1","0.06","92","4456.5","136.5","32.65","Dist-","0.13","-0.02","0.28","3","SUPPM","SUPPM","SUPPM","SUPPM","SUPPM","SUPPM","SUPPM","SUPPM","SUPPM","SUPPM","SUPPM","SUPPM","SUPPM","SUPPM","SUPPM","SUPPM","SUPPM","137702, 137622, 140867","3","3","0","0","0","0","3","3","0","0","0","0","3","3","0","0","0","0","315","258","34","224","92","19","73"
"202425","AcademicYear","Multi-academy trust","BISHOP WILKINSON CATHOLIC EDUCATION TRUST","16035","TR00390","7890590","10059486","North East","147142, 143583, 138172, 137852, 137851","5","5","0","0","0","0","0","0","5","5","5","0","0","0","0","0","0","5","521","48264","1395.7","34.58","C+","-0.21","-0.26","-0.15","4","44","3151","106","29.73","C","8%","-0.36","-0.57","-0.15","474","44963","1285.4","34.98","C+","-0.19","-0.25","-0.14","141","7407.5","215.5","34.37","Dist","0.05","-0.09","0.19","3","20","997.5","33","30.23","Dist-","14%","-0.13","-0.47","0.21","119","6225","178.5","34.87","Dist","0.08","-0.07","0.23","147142, 143583, 138172, 137852, 137851","5","5","0","0","0","0","5","5","0","0","0","0","5","5","0","0","0","0","624","521","44","474","141","20","119"
"202425","AcademicYear","Multi-academy trust","CABOT LEARNING FEDERATION","2516","TR00367","6207590","10058211","South West","147350, 142079, 135295","3","0","1","1","0","1","0","0","3","0","0","0","0","0","0","0","0","0","148","7576.7","297.7","25.45","C-","-0.32","-0.45","-0.2","4","SUPP","SUPP","SUPP","SUPP","SUPP","SUPP","SUPP","SUPP","SUPP","SUPP","SUPP","SUPP","SUPP","SUPP","SUPP","SUPP","SUPP","SUPP","SUPP","SUPP","SUPP","SUPP","SUPP","SUPP","SUPP","SUPP","SUPP","SUPP","SUPP","SUPP","SUPP","SUPP","SUPP","SUPP","SUPP","SUPP","SUPP","SUPP","SUPP","SUPP","SUPP","SUPP","SUPP","147350, 150130, 142079, 135295, 137752","5","1","2","1","0","1","4","1","1","1","0","1","3","1","1","1","0","0","630","233","39","189","205","56","145"
"202425","AcademicYear","Multi-academy trust","CENTRAL LEARNING PARTNERSHIP TRUST","2594","TR00427","7827368","10059395","West Midlands","138098, 145114, 137730","3","1","2","0","0","0","0","0","3","3","1","2","0","0","0","0","0","3","157","10397","357.2","29.11","C","-0.57","-0.68","-0.46","4","48","2290","100","22.9","D+","31%","-0.85","-1.07","-0.63","109","8107","257.2","31.52","C","-0.46","-0.59","-0.33","153","11210","319.5","35.09","Dist","0.07","-0.03","0.18","3","46","3125","88","35.51","Dist","30%","0.1","-0.1","0.3","107","8085","231.5","34.92","Dist","0.06","-0.06","0.18","138098, 145114, 137730","3","1","2","0","0","0","3","1","2","0","0","0","3","1","2","0","0","0","238","157","48","109","153","46","107"
"202425","AcademicYear","Multi-academy trust","CENTRAL REGION SCHOOLS TRUST","4335","TR01764","8166526","10059997","West Midlands","135599, 138505, 138664, 137034","4","2","2","0","0","0","2","0","2","3","1","2","0","0","0","1","0","2","170","10417","359.2","29","C","-0.12","-0.23","-0.01","4","SUPPM","SUPPM","SUPPM","SUPPM","SUPPM","SUPPM","SUPPM","SUPPM","SUPPM","SUPPM","SUPPM","SUPPM","SUPPM","SUPPM","SUPPM","SUPPM","SUPPM","118","7125","211","33.77","Dist","0.31","0.17","0.45","2","SUPPM","SUPPM","SUPPM","SUPPM","SUPPM","SUPPM","SUPPM","SUPPM","SUPPM","SUPPM","SUPPM","SUPPM","SUPPM","SUPPM","SUPPM","SUPPM","SUPPM","135599, 138505, 138664, 137034","4","2","2","0","0","0","4","2","2","0","0","0","3","1","2","0","0","0","236","170","48","122","118","42","76"
"202425","AcademicYear","Multi-academy trust","CITY OF LONDON ACADEMIES TRUST","2705","TR00514","4504128","10058170","London","143756, 135835, 135587, 144511, 143659, 144962, 134222","7","0","4","3","0","0","0","0","7","4","0","4","0","0","0","0","0","4","704","91187.7","2085.6","43.72","B+","0.18","0.13","0.23","2","222","26119.7","638.7","40.9","B","32%","0.19","0.1","0.28","477","64458","1431.9","45.02","A-","0.18","0.12","0.23","87","7600","223","34.08","Dist","-0.03","-0.19","0.14","3","40","3230","98","32.96","Dist-","46%","-0.07","-0.32","0.18","46","4220","122","34.59","Dist","0.01","-0.22","0.23","143756, 135835, 135587, 144511, 143659, 144962, 134222","7","0","4","3","0","0","7","0","4","3","0","0","4","0","4","0","0","0","793","704","222","477","87","40","46"
"202425","AcademicYear","Multi-academy trust","CREATIVE EDUCATION TRUST","2816","TR00604","7617529","10058707","East Midlands","137100, 139819, 139961, 137781, 138858","5","1","4","0","0","0","0","0","5","5","1","4","0","0","0","0","0","5","274","17656","641.1","27.54","C-","-0.33","-0.41","-0.25","4","SUPPM","SUPPM","SUPPM","SUPPM","SUPPM","SUPPM","SUPPM","SUPPM","SUPPM","SUPPM","SUPPM","SUPPM","SUPPM","SUPPM","SUPPM","SUPPM","SUPPM","199","8117","283","28.68","Merit+","-0.17","-0.28","-0.06","4","28","1026","41.5","24.72","Merit","14%","-0.29","-0.6","0.03","166","6954","236","29.47","Merit+","-0.15","-0.27","-0.03","137100, 139819, 139961, 137781, 138858","5","1","4","0","0","0","5","1","4","0","0","0","5","1","4","0","0","0","340","274","33","235","199","28","166"
"202425","AcademicYear","Multi-academy trust","CUMBRIA EDUCATION TRUST","15765","TR02488","7698631","10059094","North West","141499, 146634, 137252","3","1","2","0","0","0","0","0","3","3","1","2","0","0","0","0","0","3","158","10810","364.4","29.67","C","-0.17","-0.27","-0.07","4","SUPPM","SUPPM","SUPPM","SUPPM","SUPPM","SUPPM","SUPPM","SUPPM","SUPPM","SUPPM","SUPPM","SUPPM","SUPPM","SUPPM","SUPPM","SUPPM","SUPPM","90","5377.5","162","33.19","Dist-","0.04","-0.1","0.17","3","14","790","23.5","33.62","Dist","16%","0.18","-0.17","0.53","76","4587.5","138.5","33.12","Dist-","0.01","-0.13","0.15","141499, 146634, 137252","3","1","2","0","0","0","3","1","2","0","0","0","3","1","2","0","0","0","175","158","19","137","90","14","76"
"202425","AcademicYear","Multi-academy trust","DANES EDUCATIONAL TRUST","16254","TR02032","7671949","10058906","East of England","139416, 144402, 147535, 147246, 136901","5","3","0","1","1","0","0","1","4","5","3","0","1","1","0","0","1","4","497","51749","1378.2","37.55","B-","0.05","0","0.11","3","SUPPM","SUPPM","SUPPM","SUPPM","SUPPM","SUPPM","SUPPM","SUPPM","SUPPM","SUPPM","SUPPM","SUPPM","SUPPM","SUPPM","SUPPM","SUPPM","SUPPM","138","4019","131","30.68","Dist-","0.22","0.04","0.4","2","13","422.5","14.25","29.65","Merit+","9%","0.18","-0.36","0.72","113","3131.5","103.75","30.18","Dist-","0.2","0","0.4","139416, 144402, 147535, 150656, 147246, 136901","6","4","0","1","1","0","6","4","0","1","1","0","6","4","0","1","1","0","659","544","39","501","184","16","168"
"202425","AcademicYear","Multi-academy trust","DELTA ACADEMIES TRUST","4474","TR01879","7386086","10055739","Yorkshire and the Humber","149011, 137453, 136343","3","2","1","0","0","0","1","0","2","3","2","1","0","0","0","1","0","2","206","15284","460.7","33.18","C+","-0.17","-0.27","-0.08","4","SUPPM","SUPPM","SUPPM","SUPPM","SUPPM","SUPPM","SUPPM","SUPPM","SUPPM","SUPPM","SUPPM","SUPPM","SUPPM","SUPPM","SUPPM","SUPPM","SUPPM","147","5590.5","204","27.4","Merit+","-0.03","-0.15","0.08","3","27","1055.5","41.5","25.43","Merit","18%","-0.2","-0.46","0.06","120","4535","162.5","27.91","Merit+","0.01","-0.12","0.14","149011, 137453, 136343, 150524","4","3","1","0","0","0","4","3","1","0","0","0","4","3","1","0","0","0","464","310","37","270","183","31","152"
"202425","AcademicYear","Multi-academy trust","DIVERSE ACADEMIES TRUST","2936","TR00669","7664012","10058867","East Midlands","137319, 136624, 137117, 139956, 144486, 138964","6","3","3","0","0","0","0","0","6","5","2","3","0","0","0","0","0","5","278","22069","681.8","32.37","C+","-0.19","-0.27","-0.11","4","38","2586","82.1","31.5","C","14%","-0.24","-0.47","-0.01","237","19303","592.2","32.6","C+","-0.18","-0.26","-0.1","166","6812","229","29.75","Merit+","0.11","0.01","0.22","2","30","1307","44.5","29.37","Merit+","18%","0.13","-0.12","0.38","134","5434","182.5","29.78","Merit+","0.11","-0.01","0.23","137319, 136624, 137117, 139956, 144486, 138964","6","3","3","0","0","0","6","3","3","0","0","0","5","2","3","0","0","0","330","278","38","237","166","30","134"
"202425","AcademicYear","Multi-academy trust","DIXONS ACADEMIES TRUST","2939","TR00671","2303464","10058150","Yorkshire and the Humber","148792, 143704, 135866","3","0","2","1","0","0","1","0","2","3","0","2","1","0","0","1","0","2","596","48087.7","1456.7","33.01","C+","-0.01","-0.07","0.05","3","173","13307","422.1","31.53","C","29%","-0.08","-0.19","0.04","414","33831.7","1005.3","33.65","C+","0.02","-0.05","0.08","415","28701.5","890","32.25","Dist-","0.09","0","0.18","3","126","8650.5","268","32.28","Dist-","30%","0.14","-0.03","0.31","287","19981","620","32.23","Dist-","0.07","-0.04","0.17","148792, 143704, 135866","3","0","2","1","0","0","3","0","2","1","0","0","3","0","2","1","0","0","898","596","173","414","415","126","287"
"202425","AcademicYear","Multi-academy trust","EACT","2974","TR00699","6526376","10058234","South West","138374, 146518, 138073, 138235, 135973, 136032","6","0","6","0","0","0","0","0","6","6","0","6","0","0","0","0","0","6","287","18400","690.4","26.65","C-","-0.27","-0.35","-0.19","4","103","6431","258.2","24.91","D+","36%","-0.33","-0.47","-0.19","181","11799","425.7","27.72","C-","-0.23","-0.33","-0.13","148","7445.5","263.5","28.26","Merit+","-0.01","-0.13","0.12","3","49","2626.5","95","27.65","Merit+","33%","0.01","-0.22","0.24","96","4689","164.5","28.5","Merit+","-0.02","-0.17","0.14","138374, 146518, 151302, 151303, 137052, 138073, 138235, 135973, 135907, 136032","10","1","9","0","0","0","8","1","7","0","0","0","9","1","8","0","0","0","703","578","130","441","240","65","171"
"202425","AcademicYear","Multi-academy trust","EAST ANGLIAN SCHOOLS TRUST LTD","17335","TR00774","7667407","10058884","East of England","136998, 136834, 136969","3","3","0","0","0","0","0","0","3","3","3","0","0","0","0","0","0","3","361","30633","921","33.26","C+","0.09","0.02","0.15","2","39","2998","95.7","31.33","C","11%","0.09","-0.13","0.32","320","27585","822.8","33.53","C+","0.08","0.01","0.16","160","6328.5","212","29.85","Merit+","0.15","0.03","0.26","2","17","618.5","22.5","27.49","Merit+","11%","0.29","-0.07","0.65","141","5625","186","30.24","Dist-","0.13","0","0.25","136998, 136834, 136969","3","3","0","0","0","0","3","3","0","0","0","0","3","3","0","0","0","0","403","361","39","320","160","17","141"
"202425","AcademicYear","Multi-academy trust","EAST MIDLANDS EDUCATION TRUST","2987","TR02426","7530373","10055367","East Midlands","148299, 141259, 138191, 138641, 136628, 137628","6","6","0","0","0","0","1","0","5","5","5","0","0","0","0","1","0","4","604","65078","1734","37.53","B-","0.11","0.06","0.16","2","37","3310","100.2","33.03","C+","6%","-0.11","-0.33","0.1","561","61333","1618.3","37.9","B-","0.13","0.08","0.18","112","4636.25","140","33.12","Dist-","0.31","0.17","0.45","2","11","440","16.5","26.67","Merit+","10%","0.23","-0.17","0.62","95","3988.75","118","33.8","Dist","0.33","0.18","0.48","148299, 141259, 138191, 138641, 136628, 137628","6","6","0","0","0","0","6","6","0","0","0","0","5","5","0","0","0","0","664","604","37","561","112","11","100"
"202425","AcademicYear","Multi-academy trust","EASTERN LEARNING ALLIANCE","16402","TR01146","7899393","10059505","East of England","137826, 136887, 145196","3","2","1","0","0","0","0","0","3","3","2","1","0","0","0","0","0","3","193","21427.5","631.8","33.92","C+","-0.19","-0.3","-0.08","4","SUPPM","SUPPM","SUPPM","SUPPM","SUPPM","SUPPM","SUPPM","SUPPM","SUPPM","SUPPM","SUPPM","SUPPM","SUPPM","SUPPM","SUPPM","SUPPM","SUPPM","81","5099.5","187","27.27","Merit+","-0.57","-0.76","-0.37","5","19","1015","41.5","24.46","Merit","23%","-0.56","-0.96","-0.16","60","3982.5","142.5","27.95","Merit+","-0.57","-0.79","-0.35","137826, 149596, 136887, 145196","4","2","1","1","0","0","4","2","1","1","0","0","3","2","1","0","0","0","280","236","30","185","81","19","60"
"202425","AcademicYear","Multi-academy trust","EDUCATION FOR THE 21ST CENTURY","3015","TR00727","7559170","10058616","London","144465, 136464, 136540","3","2","0","1","0","0","0","0","3","3","2","0","1","0","0","0","0","3","217","17327","546.4","31.71","C+","-0.01","-0.1","0.07","3","34","2956","92.1","32.1","C+","16%","-0.02","-0.24","0.21","182","14311","452.3","31.64","C","-0.01","-0.1","0.08","177","12491.5","371.5","33.62","Dist","0.09","-0.04","0.22","3","32","2260","74","30.54","Dist-","18%","-0.13","-0.43","0.17","144","10196.5","296.5","34.39","Dist","0.15","0.01","0.29","144465, 136464, 136540","3","2","0","1","0","0","3","2","0","1","0","0","3","2","0","1","0","0","336","217","34","182","177","32","144"
"202425","AcademicYear","Multi-academy trust","EDUCATION SOUTH WEST","3643","TR01237","7451553","10058417","South West","141749, 149247, 136367, 137176, 136494","5","4","0","0","1","0","1","1","3","5","4","0","0","1","0","1","1","3","257","19893","606.9","32.78","C+","-0.04","-0.12","0.04","3","34","2514","80.4","31.27","C","13%","-0.03","-0.26","0.2","219","17213","520.2","33.09","C+","-0.04","-0.13","0.05","128","4678.5","191","24.49","Merit","-0.4","-0.54","-0.26","4","20","690","28.5","24.21","Merit","16%","-0.3","-0.7","0.1","108","3988.5","162.5","24.54","Merit","-0.41","-0.56","-0.27","141749, 149247, 136367, 137176, 136494","5","4","0","0","1","0","5","4","0","0","1","0","5","4","0","0","1","0","330","257","34","220","128","20","108"
"202425","AcademicYear","Multi-academy trust","EMMANUEL SCHOOLS FOUNDATION","16552","TR03704","4464331","10064192","North East","135007, 134223, 135619, 147178","4","1","3","0","0","0","0","0","4","4","1","3","0","0","0","0","0","4","215","15941","529","30.13","C","-0.33","-0.42","-0.24","4","SUPPM","SUPPM","SUPPM","SUPPM","SUPPM","SUPPM","SUPPM","SUPPM","SUPPM","SUPPM","SUPPM","SUPPM","SUPPM","SUPPM","SUPPM","SUPPM","SUPPM","106","6418.5","213.5","30.06","Dist-","-0.09","-0.23","0.04","3","SUPPM","SUPPM","SUPPM","SUPPM","SUPPM","SUPPM","SUPPM","SUPPM","SUPPM","SUPPM","SUPPM","SUPPM","SUPPM","SUPPM","SUPPM","SUPPM","SUPPM","135007, 134223, 135619, 147178","4","1","3","0","0","0","4","1","3","0","0","0","4","1","3","0","0","0","321","215","31","180","106","25","79"
"202425","AcademicYear","Multi-academy trust","ENDEAVOUR MAT","16655","TR02497","7682332","10058938","South East","137250, 137227, 147059","0","0","0","0","0","0","0","0","0","3","2","0","1","0","0","0","0","3","SUPP","SUPP","SUPP","SUPP","SUPP","SUPP","SUPP","SUPP","SUPP","SUPPM","SUPPM","SUPPM","SUPPM","SUPPM","SUPPM","SUPPM","SUPPM","SUPPM","SUPPM","SUPPM","SUPPM","SUPPM","SUPPM","SUPPM","SUPPM","SUPPM","65","4146","100.5","41.25","Dist+","0.23","-0.03","0.49","3","SUPP","SUPP","SUPP","SUPP","SUPP","SUPP","SUPP","SUPP","SUPP","SUPP","SUPP","SUPP","SUPP","SUPP","SUPP","SUPP","SUPP","137250, 137227, 147059","3","2","0","1","0","0","2","2","0","0","0","0","3","2","0","1","0","0","281","264","20","244","65","3","62"
"202425","AcademicYear","Multi-academy trust","FINHAM PARK MULTIACADEMY TRUST","15766","TR00790","7700317","10059110","West Midlands","141939, 148429, 142960, 136963","4","3","0","1","0","0","0","1","3","4","3","0","1","0","0","0","1","3","257","21219","663.7","31.97","C+","-0.04","-0.12","0.05","3","38","2973","94.4","31.49","C","15%","-0.06","-0.29","0.17","216","18056","561.3","32.17","C+","-0.03","-0.12","0.06","119","5391","202.5","26.62","Merit","0.05","-0.08","0.18","3","24","1031","43","23.98","Merit","20%","-0.16","-0.44","0.11","94","4355","159","27.39","Merit+","0.11","-0.03","0.25","141939, 148429, 142960, 136963","4","3","0","1","0","0","4","3","0","1","0","0","4","3","0","1","0","0","315","257","38","216","119","24","94"
"202425","AcademicYear","Multi-academy trust","FUTURA LEARNING PARTNERSHIP","5253","TR02421","7746787","10059285","South West","142127, 137523, 141665","3","1","1","0","0","1","0","0","3","3","1","1","0","0","1","0","0","3","153","12030","380.1","31.65","C","-0.3","-0.4","-0.19","4","SUPP","SUPP","SUPP","SUPP","SUPP","SUPP","SUPP","SUPP","SUPP","SUPP","SUPP","SUPP","SUPP","SUPP","SUPP","SUPP","SUPP","75","2836.5","113.5","24.99","Merit","-0.27","-0.44","-0.11","4","SUPP","SUPP","SUPP","SUPP","SUPP","SUPP","SUPP","SUPP","SUPP","SUPP","SUPP","SUPP","SUPP","SUPP","SUPP","SUPP","SUPP","142127, 137523, 137884, 141665","4","2","1","0","0","1","4","2","1","0","0","1","4","2","1","0","0","1","306","247","10","234","109","10","97"
"202425","AcademicYear","Multi-academy trust","FUTURE ACADEMIES","3152","TR00834","6543442","10043978","London","143129, 140966, 135676, 144623, 146440, 147785, 135876","7","0","6","1","0","0","0","1","6","4","0","4","0","0","0","0","0","4","269","26241","764.8","34.31","C+","0.19","0.11","0.26","2","64","6493","187.4","34.65","C+","24%","0.01","-0.15","0.17","202","19438","568.4","34.2","C+","0.25","0.16","0.33","43","1788.75","58.5","30.58","Dist-","0.34","0.12","0.56","2","7","229","9","25.44","Merit","16%","-0.17","-0.75","0.4","36","1559.75","49.5","31.51","Dist-","0.43","0.2","0.67","143129, 140966, 135676, 144623, 146440, 147785, 135876","7","0","6","1","0","0","7","0","6","1","0","0","4","0","4","0","0","0","296","269","64","202","43","7","36"
"202425","AcademicYear","Multi-academy trust","GIRLS LEARNING TRUST","15882","TR01513","7627961","10058720","London","136797, 136795, 136789","3","3","0","0","0","0","0","0","3","0","0","0","0","0","0","0","0","0","532","73608","1638.2","44.93","B+","0.09","0.03","0.14","2","51","5510","150.4","36.64","B-","10%","-0.12","-0.3","0.07","480","67928","1484.8","45.75","A-","0.11","0.05","0.16","SUPP","SUPP","SUPP","SUPP","SUPP","SUPP","SUPP","SUPP","SUPP","SUPP","SUPP","SUPP","SUPP","SUPP","SUPP","SUPP","SUPP","SUPP","SUPP","SUPP","SUPP","SUPP","SUPP","SUPP","SUPP","SUPP","136797, 136795, 136789","3","3","0","0","0","0","3","3","0","0","0","0","1","1","0","0","0","0","568","532","51","480","46","14","32"
"202425","AcademicYear","Multi-academy trust","GREENSHAW LEARNING TRUST","5452","TR00911","7633694","10058734","South West","136800, 142577, 149435, 144760, 136626, 147300, 145135","7","4","2","0","0","1","1","2","4","7","4","2","0","0","1","1","2","4","414","38296","1103.8","34.69","C+","-0.14","-0.21","-0.08","4","65","6116","172.9","35.37","B-","16%","-0.16","-0.33","0.01","344","31810","918.9","34.62","C+","-0.14","-0.21","-0.07","174","9811","308","31.85","Dist-","-0.06","-0.19","0.07","3","35","2147.5","66.5","32.29","Dist-","20%","-0.11","-0.39","0.17","134","7573.5","236.5","32.02","Dist-","-0.05","-0.2","0.09","145875, 136800, 142577, 149435, 144760, 136626, 147219, 147300, 136798, 145135","10","5","3","1","0","1","9","5","2","1","0","1","8","4","2","1","0","1","836","686","93","587","202","40","157"
"202425","AcademicYear","Multi-academy trust","GREENWOOD ACADEMIES TRUST","3252","TR00914","6864339","10058259","East Midlands","137184, 136217, 139957, 135881, 136948, 137880","6","0","6","0","0","0","0","0","6","6","0","6","0","0","0","0","0","6","232","12764","484.9","26.32","C-","-0.41","-0.51","-0.32","4","SUPPM","SUPPM","SUPPM","SUPPM","SUPPM","SUPPM","SUPPM","SUPPM","SUPPM","SUPPM","SUPPM","SUPPM","SUPPM","SUPPM","SUPPM","SUPPM","SUPPM","220","12214","411","29.72","Merit+","0.01","-0.07","0.1","3","58","3466","122","28.41","Merit+","26%","0.04","-0.12","0.2","161","8648","287","30.13","Dist-","0","-0.09","0.1","137184, 136217, 139957, 137763, 135881, 136948, 137880","7","1","6","0","0","0","7","1","6","0","0","0","7","1","6","0","0","0","438","292","56","234","247","62","183"
"202425","AcademicYear","Multi-academy trust","HABERDASHERS ASKES FEDERATION TRUST","3279","TR00933","2535091","10058159","London","135073, 135070, 135951","3","0","3","0","0","0","0","0","3","3","0","3","0","0","0","0","0","3","236","17315","555.1","31.19","C","-0.06","-0.15","0.03","3","66","4651","159.6","29.14","C","28%","-0.16","-0.33","0.01","166","12264","386.5","31.73","C+","-0.02","-0.13","0.09","171","10616","360.5","29.45","Merit+","-0.05","-0.16","0.07","3","45","3002","98","30.63","Dist-","26%","0.08","-0.16","0.31","122","7468","258.5","28.89","Merit+","-0.09","-0.22","0.03","135073, 135070, 135951","3","0","3","0","0","0","3","0","3","0","0","0","3","0","3","0","0","0","347","236","66","166","171","45","122"
"202425","AcademicYear","Multi-academy trust","HARRIS FEDERATION","3320","TR00968","6228587","10055126","London","138449, 135311, 140985, 140939, 145126, 148555, 135677, 140952, 145197, 135249, 135955, 140935, 149431, 143706, 145860, 131897, 139703, 144750, 147537, 137549, 131747, 132711, 135816, 145140, 137121, 137379, 143427","26","3","15","8","0","0","1","1","24","22","3","15","4","0","0","0","1","21","2439","231486","6722.1","34.44","C+","-0.08","-0.11","-0.06","4","686","59270","1816.9","32.62","C+","28%","-0.18","-0.23","-0.12","1717","168743","4802.4","35.14","B-","-0.05","-0.08","-0.02","873","46383","1452.5","31.93","Dist-","0.04","-0.01","0.09","3","316","16850.5","551","30.58","Dist-","36%","-0.02","-0.1","0.07","546","28869.5","879.5","32.82","Dist-","0.08","0.01","0.14","138449, 135311, 140985, 140939, 145126, 148555, 135677, 140952, 145197, 150055, 135249, 135955, 140935, 149431, 143706, 138495, 145860, 131897, 139703, 144750, 147537, 137549, 131747, 132711, 135816, 145140, 134226, 137121, 137379, 143427, 143759","31","4","17","10","0","0","28","3","16","9","0","0","24","3","16","5","0","0","3334","2575","715","1822","944","337","594"
"202425","AcademicYear","Multi-academy trust","HEART OF MERCIA","17217","TR03695","10499174","10064200","West Midlands","148142, 143929, 144888","3","3","0","0","0","0","0","1","2","3","3","0","0","0","0","0","1","2","2645","242332.2","7007.8","34.58","C+","-0.06","-0.08","-0.03","4","265","21078","667.5","31.58","C","10%","-0.21","-0.29","-0.12","2185","204977.8","5855.5","35.01","B-","-0.04","-0.07","-0.01","1176","50181","1628.5","30.81","Dist-","0.16","0.11","0.21","2","SUPPM","SUPPM","SUPPM","SUPPM","SUPPM","SUPPM","SUPPM","SUPPM","SUPPM","SUPPM","SUPPM","SUPPM","SUPPM","SUPPM","SUPPM","SUPPM","SUPPM","148142, 136399, 143929, 144888","4","4","0","0","0","0","4","4","0","0","0","0","4","4","0","0","0","0","3333","2748","273","2280","1215","144","962"
"202425","AcademicYear","Multi-academy trust","IMPACT MULTI ACADEMY TRUST","5633","TR01280","7697400","10059069","London","136586, 136517, 136644, 137006","4","4","0","0","0","0","2","0","2","4","4","0","0","0","0","2","0","2","988","97650.8","2769","35.27","B-","0.05","0.02","0.09","2","92","7320","238.3","30.72","C","9%","-0.09","-0.23","0.05","892","89843.1","2517.7","35.68","B-","0.07","0.03","0.11","187","9350","308.5","30.31","Dist-","0.04","-0.07","0.15","3","29","1305","42","31.07","Dist-","16%","0.02","-0.27","0.31","158","8045","266.5","30.19","Dist-","0.04","-0.08","0.16","136586, 136517, 136644, 137006","4","4","0","0","0","0","4","4","0","0","0","0","4","4","0","0","0","0","1074","988","92","892","187","29","158"
"202425","AcademicYear","Multi-academy trust","INSPIRATION TRUST","3531","TR01149","8179349","10060032","East of England","139896, 140815, 148826, 136204","4","0","2","2","0","0","0","1","3","0","0","0","0","0","0","0","0","0","517","57014","1479.2","38.54","B","0.1","0.05","0.16","2","53","4821","140.2","34.39","C+","10%","-0.07","-0.26","0.12","457","51423","1318","39.02","B","0.12","0.06","0.18","SUPP","SUPP","SUPP","SUPP","SUPP","SUPP","SUPP","SUPP","SUPP","SUPP","SUPP","SUPP","SUPP","SUPP","SUPP","SUPP","SUPP","SUPP","SUPP","SUPP","SUPP","SUPP","SUPP","SUPP","SUPP","SUPP","139896, 140815, 148826, 136204","4","0","2","2","0","0","4","0","2","2","0","0","2","0","2","0","0","0","603","517","53","457","75","16","59"
"202425","AcademicYear","Multi-academy trust","INVICTUS EDUCATION TRUST","5519","TR02737","9284368","10060890","West Midlands","141570, 141342, 141343","3","1","2","0","0","0","0","0","3","3","1","2","0","0","0","0","0","3","76","4663","158.3","29.46","C","-0.2","-0.36","-0.04","4","SUPP","SUPP","SUPP","SUPP","SUPP","SUPP","SUPP","SUPP","SUPP","SUPP","SUPP","SUPP","SUPP","SUPP","SUPP","SUPP","SUPP","69","3885","123.5","31.46","Dist-","0.18","0","0.37","3","SUPP","SUPP","SUPP","SUPP","SUPP","SUPP","SUPP","SUPP","SUPP","SUPP","SUPP","SUPP","SUPP","SUPP","SUPP","SUPP","SUPP","141570, 141342, 141343","3","1","2","0","0","0","3","1","2","0","0","0","3","1","2","0","0","0","119","76","4","72","69","5","64"
"202425","AcademicYear","Multi-academy trust","JOHN TAYLOR MAT","5690","TR01177","7421140","10057362","West Midlands","143899, 145889, 147574, 136323, 142313","5","4","0","1","0","0","1","0","4","5","4","0","1","0","0","1","0","4","426","36209","1056.2","34.28","C+","-0.05","-0.11","0.01","3","27","1673","61.9","27.03","C-","6%","-0.41","-0.69","-0.14","395","34320","985","34.84","C+","-0.03","-0.09","0.04","232","13999","408.5","34.27","Dist","0.13","0.04","0.22","2","18","1153","36","32.03","Dist-","8%","0.16","-0.15","0.46","212","12761","369.5","34.54","Dist","0.13","0.04","0.22","143899, 145889, 147574, 136323, 149376, 142313","6","5","0","1","0","0","6","5","0","1","0","0","6","5","0","1","0","0","589","476","31","441","268","21","245"
"202425","AcademicYear","Multi-academy trust","KENT CATHOLIC SCHOOLS PARTNERSHIP","3594","TR01197","8176019","10060024","South East","141628, 140537, 140640, 140874","4","4","0","0","0","0","0","0","4","4","4","0","0","0","0","0","0","4","367","22192","798.9","27.78","C-","-0.04","-0.11","0.03","3","39","1875","78.2","23.98","D+","11%","-0.07","-0.31","0.17","320","19855","703.4","28.23","C-","-0.04","-0.11","0.04","258","13340.5","448.5","29.74","Merit+","0.15","0.06","0.24","2","38","1874","72","26.03","Merit","15%","-0.06","-0.28","0.15","215","11246.5","369.5","30.44","Dist-","0.19","0.1","0.29","141628, 140537, 140640, 140874","4","4","0","0","0","0","4","4","0","0","0","0","4","4","0","0","0","0","444","367","39","320","258","38","215"
"202425","AcademicYear","Multi-academy trust","KING EDWARD VI ACADEMY TRUST BIRMINGHAM","16826","TR03804","10654935","10065300","West Midlands","136592, 143562, 137047, 137046, 137044, 137045, 137043, 138937, 136152","9","8","1","0","0","0","1","0","8","4","3","1","0","0","0","1","0","3","1183","148715","3631.5","40.95","B","-0.12","-0.16","-0.09","4","277","30222","817.5","36.97","B-","23%","-0.3","-0.38","-0.22","901","117893","2799","42.12","B+","-0.07","-0.11","-0.03","144","10319","294.5","35.04","Dist","0.26","0.12","0.4","2","52","3713","113","32.86","Dist-","36%","0.13","-0.1","0.36","92","6606","181.5","36.4","Dist","0.34","0.17","0.52","136592, 143562, 137047, 137046, 137044, 137045, 137043, 138937, 136152","9","8","1","0","0","0","9","8","1","0","0","0","4","3","1","0","0","0","1287","1183","277","901","144","52","92"
"202425","AcademicYear","Multi-academy trust","LEARNING PARTNERS ACADEMY TRUST","17054","TR00926","8303773","10060193","South East","137003, 136906, 139193","3","3","0","0","0","0","0","2","1","0","0","0","0","0","0","0","0","0","451","48431.7","1305.7","37.09","B-","0.17","0.11","0.22","2","SUPPM","SUPPM","SUPPM","SUPPM","SUPPM","SUPPM","SUPPM","SUPPM","SUPPM","SUPPM","SUPPM","SUPPM","SUPPM","SUPPM","SUPPM","SUPPM","SUPPM","SUPP","SUPP","SUPP","SUPP","SUPP","SUPP","SUPP","SUPP","SUPP","SUPP","SUPP","SUPP","SUPP","SUPP","SUPP","SUPP","SUPP","SUPP","SUPP","SUPP","SUPP","SUPP","SUPP","SUPP","SUPP","SUPP","137003, 136906, 139193","3","3","0","0","0","0","3","3","0","0","0","0","2","2","0","0","0","0","488","451","25","414","54","3","49"
"202425","AcademicYear","Multi-academy trust","LEIGH ACADEMIES TRUST","3725","TR01302","2336587","10052832","South East","145315, 145895, 141309, 135297, 135630, 136205, 136847, 136349, 137119, 136662, 135964, 137581, 140987","13","4","7","1","1","0","0","2","11","12","3","7","1","1","0","0","2","10","957","76332","2361.2","32.33","C+","-0.14","-0.18","-0.09","4","112","7912.5","271.8","29.11","C","12%","-0.25","-0.39","-0.12","811","66722","2023.1","32.98","C+","-0.12","-0.16","-0.07","483","23147.5","777.5","29.77","Merit+","-0.05","-0.11","0.02","3","69","3045.5","108","28.2","Merit+","14%","-0.09","-0.27","0.1","404","19548","651.5","30","Dist-","-0.04","-0.11","0.03","145315, 145895, 141309, 135297, 135630, 136205, 136847, 136349, 137119, 136662, 135964, 149898, 137581, 140987, 150743, 150935","16","4","10","1","1","0","16","4","10","1","1","0","15","3","10","1","1","0","1310","1024","128","881","591","97","484"
"202425","AcademicYear","Multi-academy trust","LIFE MULTIACADEMY TRUST","16430","TR00255","7992438","10059702","East Midlands","147902, 148549, 137969","3","3","0","0","0","0","0","1","2","3","3","0","0","0","0","0","1","2","491","48426","1450.6","33.38","C+","0","-0.05","0.05","3","34","2883","91.3","31.58","C","7%","-0.03","-0.25","0.19","454","45065","1348.5","33.42","C+","0","-0.05","0.06","81","3162.5","98.5","32.11","Dist-","0.22","0.05","0.39","2","SUPP","SUPP","SUPP","SUPP","SUPP","SUPP","SUPP","SUPP","SUPP","SUPP","SUPP","SUPP","SUPP","SUPP","SUPP","SUPP","SUPP","147902, 148549, 137969","3","3","0","0","0","0","3","3","0","0","0","0","3","3","0","0","0","0","523","491","34","454","81","8","73"
"202425","AcademicYear","Multi-academy trust","LIFT SCHOOLS","2053","TR00008","6625091","10033736","East of England","136147, 139276, 136208, 139048, 137188, 135651, 135652, 135957, 136753, 137138","10","1","9","0","0","0","0","0","10","10","1","9","0","0","0","0","0","10","569","43737","1377.4","31.75","C+","-0.03","-0.09","0.03","3","SUPPM","SUPPM","SUPPM","SUPPM","SUPPM","SUPPM","SUPPM","SUPPM","SUPPM","SUPPM","SUPPM","SUPPM","SUPPM","SUPPM","SUPPM","SUPPM","SUPPM","398","19946","678.5","29.4","Merit+","-0.01","-0.08","0.07","3","74","4225","151","27.98","Merit+","19%","0.03","-0.14","0.2","308","15046","506.5","29.71","Merit+","-0.02","-0.1","0.06","136147, 139276, 136208, 139048, 137188, 135651, 135652, 135957, 136753, 137138","10","1","9","0","0","0","10","1","9","0","0","0","10","1","9","0","0","0","882","569","100","468","398","74","320"
"202425","AcademicYear","Multi-academy trust","LIGHTHOUSE SCHOOLS PARTNERSHIP","16340","TR00876","7662102","10058855","South West","145482, 136722, 136856","3","3","0","0","0","0","0","0","3","3","3","0","0","0","0","0","0","3","373","36507","1052","34.7","C+","-0.03","-0.1","0.03","3","17","965","41.9","23.03","D+","5%","-0.74","-1.07","-0.41","353","35462","1003.1","35.35","B-","0","-0.07","0.06","118","5270","153.5","34.33","Dist","0.13","-0.01","0.27","3","7","275","8","34.38","Dist","6%","0.24","-0.41","0.89","110","4970","144.5","34.39","Dist","0.13","-0.02","0.27","145482, 136722, 136856, 137000","4","4","0","0","0","0","4","4","0","0","0","0","4","4","0","0","0","0","551","511","27","480","152","12","139"
"202425","AcademicYear","Multi-academy trust","LIONHEART EDUCATIONAL TRUST","3760","TR00158","8473899","10055191","East Midlands","140787, 138478, 139624, 147837","4","3","0","1","0","0","1","0","3","3","2","0","1","0","0","1","0","2","830","98165","2552","38.47","B","0.14","0.1","0.18","2","109","12646","342.5","36.92","B-","13%","0.11","-0.02","0.23","706","84397","2163.7","39.01","B","0.15","0.1","0.2","563","11031","327","33.73","Dist","0.07","-0.01","0.14","3","75","1266","39.5","32.05","Dist-","13%","-0.08","-0.32","0.16","486","9731","286.5","33.97","Dist","0.09","0.01","0.16","140787, 138478, 139624, 147837","4","3","0","1","0","0","4","3","0","1","0","0","3","2","0","1","0","0","879","830","109","717","563","75","486"
"202425","AcademicYear","Multi-academy trust","LOXFORD SCHOOL TRUST LIMITED","3797","TR01354","8743560","10060647","London","141178, 140475, 139179, 147185","4","2","2","0","0","0","0","0","4","4","2","2","0","0","0","0","0","4","330","28787.7","910","31.63","C","0","-0.07","0.07","3","SUPPM","SUPPM","SUPPM","SUPPM","SUPPM","SUPPM","SUPPM","SUPPM","SUPPM","SUPPM","SUPPM","SUPPM","SUPPM","SUPPM","SUPPM","SUPPM","SUPPM","166","11358.5","331","34.32","Dist","0.42","0.28","0.57","2","51","3637.5","105","34.64","Dist","31%","0.46","0.19","0.72","113","7521","220","34.19","Dist","0.4","0.23","0.58","141178, 140475, 139179, 147185","4","2","2","0","0","0","4","2","2","0","0","0","4","2","2","0","0","0","459","330","92","236","166","51","113"
"202425","AcademicYear","Multi-academy trust","MALTBY LEARNING TRUST","3834","TR01382","7033915","10058279","Yorkshire and the Humber","136042, 144364, 145848","3","1","2","0","0","0","0","0","3","3","1","2","0","0","0","0","0","3","239","18180","552.4","32.91","C+","-0.42","-0.51","-0.34","4","33","2349","78.1","30.08","C","14%","-0.55","-0.79","-0.31","203","15581","465.3","33.49","C+","-0.4","-0.5","-0.31","185","8656","284","30.48","Dist-","-0.21","-0.32","-0.1","4","30","991","42.5","23.32","Merit-","16%","-0.7","-0.99","-0.42","155","7665","241.5","31.74","Dist-","-0.12","-0.24","0","136042, 144364, 145848","3","1","2","0","0","0","3","1","2","0","0","0","3","1","2","0","0","0","364","239","33","203","185","30","155"
"202425","AcademicYear","Multi-academy trust","MARCHES ACADEMY TRUST","3855","TR01398","7680422","10058925","West Midlands","141176, 146580, 136979","3","2","1","0","0","0","0","0","3","3","2","1","0","0","0","0","0","3","155","13891","443.9","31.29","C","0.01","-0.09","0.11","3","19","1798","57.8","31.11","C","12%","0.04","-0.24","0.33","131","11923","372.2","32.03","C+","0","-0.1","0.11","34","1527.5","54","28.29","Merit+","-0.17","-0.4","0.07","3","SUPP","SUPP","SUPP","SUPP","SUPP","SUPP","SUPP","SUPP","SUPP","SUPP","SUPP","SUPP","SUPP","SUPP","SUPP","SUPP","SUPP","141176, 140922, 146580, 136979","4","3","1","0","0","0","4","3","1","0","0","0","4","3","1","0","0","0","242","203","22","176","60","5","54"
"202425","AcademicYear","Multi-academy trust","MATRIX ACADEMY TRUST","3878","TR00136","7654219","10053216","West Midlands","137274, 136885, 143438, 137771","4","3","1","0","0","0","0","0","4","4","3","1","0","0","0","0","0","4","215","15983","502.1","31.83","C+","-0.1","-0.2","-0.01","4","31","1865","70.5","26.45","C-","14%","-0.38","-0.65","-0.11","184","14118","431.6","32.71","C+","-0.06","-0.16","0.04","175","10084.5","329.5","30.61","Dist-","0.04","-0.08","0.15","3","29","1581.5","62","25.51","Merit","17%","-0.31","-0.57","-0.04","146","8503","267.5","31.79","Dist-","0.12","-0.01","0.24","141245, 149635, 137274, 136885, 143438, 137771","6","4","2","0","0","0","6","4","2","0","0","0","6","4","2","0","0","0","384","270","44","226","215","42","173"
"202425","AcademicYear","Multi-academy trust","MERIDIAN TRUST","2526","TR00375","7552498","10053421","East of England","143404, 139988, 136470, 137886, 136974, 137082, 142902","7","5","1","0","1","0","0","3","4","7","5","1","0","1","0","0","3","4","558","40689","1326.8","30.67","C","0.01","-0.05","0.07","3","51","3346","107.2","31.21","C","9%","0.07","-0.14","0.28","503","37083","1209.6","30.66","C","0","-0.05","0.06","303","15502","488.5","31.73","Dist-","0.2","0.11","0.29","2","37","1926","63","30.57","Dist-","12%","0.08","-0.17","0.33","264","13544","424","31.94","Dist-","0.22","0.12","0.31","143404, 139988, 136470, 137886, 136974, 137082, 142902","7","5","1","0","1","0","7","5","1","0","1","0","7","5","1","0","1","0","747","558","51","503","303","37","264"
"202425","AcademicYear","Multi-academy trust","MIDSOMER NORTON SCHOOLS PARTNERSHIP","3910","TR01435","7365778","10031575","South West","146972, 136966, 136335, 136311, 137548","5","5","0","0","0","0","0","1","4","5","5","0","0","0","0","0","1","4","562","57430","1537.6","37.35","B-","0.11","0.05","0.16","2","34","2687","79.2","33.93","C+","6%","0.05","-0.2","0.29","525","54411","1450.1","37.52","B-","0.11","0.06","0.16","205","10783.5","335.5","32.14","Dist-","0.09","-0.01","0.19","3","25","1043.5","35","29.81","Merit+","12%","-0.09","-0.38","0.2","178","9580","296.5","32.31","Dist-","0.11","0.01","0.22","142125, 146972, 136966, 136335, 136311, 137548, 147801, 150667","8","7","0","0","0","1","6","6","0","0","0","0","6","6","0","0","0","0","892","694","54","635","257","32","221"
"202425","AcademicYear","Multi-academy trust","MULBERRY SCHOOLS TRUST","16669","TR03507","10035860","10064234","London","144756, 143629, 144700, 137789","4","3","0","0","1","0","1","0","3","4","3","0","0","1","0","1","0","3","450","35911","1199.7","29.93","C","-0.19","-0.25","-0.13","4","206","16029","548.5","29.22","C","46%","-0.26","-0.36","-0.17","238","19549","635.9","30.74","C","-0.13","-0.21","-0.05","346","27204","885.5","30.72","Dist-","0.09","0.01","0.18","2","174","13640.5","452.5","30.14","Dist-","50%","0.05","-0.07","0.18","168","13349.5","426","31.34","Dist-","0.13","0.01","0.26","144756, 143629, 144700, 137789","4","3","0","0","1","0","4","3","0","0","1","0","4","3","0","0","1","0","873","450","206","238","346","174","168"
"202425","AcademicYear","Multi-academy trust","NEW COLLABORATIVE LEARNING TRUST","16694","TR03256","9257194","10064640","Yorkshire and the Humber","144714, 143689, 144732","3","1","0","2","0","0","0","0","3","3","1","0","2","0","0","0","0","3","1883","168708","4581.1","36.83","B-","0.01","-0.02","0.04","3","SUPPM","SUPPM","SUPPM","SUPPM","SUPPM","SUPPM","SUPPM","SUPPM","SUPPM","SUPPM","SUPPM","SUPPM","SUPPM","SUPPM","SUPPM","SUPPM","SUPPM","1287","85599","2417.5","35.41","Dist","0.27","0.23","0.32","2","SUPPM","SUPPM","SUPPM","SUPPM","SUPPM","SUPPM","SUPPM","SUPPM","SUPPM","SUPPM","SUPPM","SUPPM","SUPPM","SUPPM","SUPPM","SUPPM","SUPPM","136301, 144714, 150938, 143689, 144732","5","3","0","2","0","0","5","3","0","2","0","0","5","3","0","2","0","0","3121","1990","265","1720","1360","274","1082"
"202425","AcademicYear","Multi-academy trust","NORTH EAST LEARNING TRUST","4516","TR01914","7492165","10052835","North East","144496, 147531, 144601, 144977","4","1","3","0","0","0","0","0","4","4","1","3","0","0","0","0","0","4","133","11665","345","33.81","C+","-0.03","-0.14","0.08","3","17","1480","43","34.42","C+","13%","0.12","-0.21","0.46","115","10115","300","33.72","C+","-0.05","-0.17","0.07","44","1865","54","34.54","Dist","-0.14","-0.37","0.08","3","8","380","11","34.55","Dist","18%","0.07","-0.45","0.59","36","1485","43","34.53","Dist","-0.2","-0.45","0.05","144496, 147531, 144601, 144977","4","1","3","0","0","0","4","1","3","0","0","0","4","1","3","0","0","0","169","133","17","115","44","8","36"
"202425","AcademicYear","Multi-academy trust","NORTHERN SCHOOLS TRUST","4041","TR01530","5067702","10058179","North West","139588, 139589, 131065","3","0","1","0","1","1","0","0","3","3","0","1","0","1","1","0","0","3","158","11787","354.6","33.24","C+","0.1","-0.01","0.22","3","58","4231","129.5","32.67","C+","37%","0.07","-0.14","0.27","96","7442","220.5","33.75","C+","0.12","-0.02","0.27","118","7847","231","33.97","Dist","0.25","0.08","0.41","2","SUPPM","SUPPM","SUPPM","SUPPM","SUPPM","SUPPM","SUPPM","SUPPM","SUPPM","SUPPM","SUPPM","SUPPM","SUPPM","SUPPM","SUPPM","SUPPM","SUPPM","139588, 139589, 131065","3","0","1","0","1","1","3","0","1","0","1","1","3","0","1","0","1","1","243","158","58","96","118","50","66"
"202425","AcademicYear","Multi-academy trust","NOVA EDUCATION TRUST","5084","TR02306","7635510","10055362","East Midlands","140984, 141010, 145158, 135761, 146374, 138411, 144489, 144687, 136878","9","4","3","2","0","0","0","0","9","8","4","3","1","0","0","0","0","8","747","70334.7","2048.9","34.33","C+","-0.04","-0.09","0.01","3","95","8361","257.3","32.5","C+","13%","-0.07","-0.21","0.07","645","61093.7","1770.6","34.5","C+","-0.04","-0.08","0.01","233","10943","347","31.54","Dist-","0","-0.11","0.12","3","28","1531","48.5","31.57","Dist-","12%","0.02","-0.33","0.36","202","9277","295.5","31.39","Dist-","0","-0.12","0.12","140984, 141010, 145158, 135761, 146374, 138411, 144489, 144687, 136878","9","4","3","2","0","0","9","4","3","2","0","0","8","4","3","1","0","0","876","747","95","645","233","28","204"
"202425","AcademicYear","Multi-academy trust","OASIS COMMUNITY LEARNING","4076","TR01553","5398529","10058190","London","139659, 135968, 134311, 135958","4","0","3","1","0","0","0","0","4","3","0","3","0","0","0","0","0","3","228","18520","548","33.8","C+","0.11","0.02","0.2","2","SUPPM","SUPPM","SUPPM","SUPPM","SUPPM","SUPPM","SUPPM","SUPPM","SUPPM","SUPPM","SUPPM","SUPPM","SUPPM","SUPPM","SUPPM","SUPPM","SUPPM","174","9900.5","359","27.58","Merit+","-0.08","-0.17","0.02","3","74","4044.5","148","27.33","Merit+","43%","-0.07","-0.22","0.09","96","5626","201","27.99","Merit+","-0.09","-0.21","0.04","139659, 135968, 134311, 135958, 135671","5","0","4","1","0","0","4","0","3","1","0","0","3","0","3","0","0","0","358","228","89","131","174","74","96"
"202425","AcademicYear","Multi-academy trust","ORMISTON ACADEMIES TRUST","4106","TR01577","6982127","10058272","West Midlands","135769, 145008, 145134, 137673, 135234, 137152, 136185, 140845, 135980, 141269, 136186","11","1","10","0","0","0","0","0","11","10","1","9","0","0","0","0","0","10","709","53464","1702.3","31.41","C","-0.09","-0.14","-0.04","4","126","7391","265.2","27.87","C-","18%","-0.21","-0.34","-0.08","574","45304","1412.9","32.06","C+","-0.06","-0.12","-0.01","466","24516","822","29.82","Merit+","0.02","-0.05","0.08","3","136","6900","239","28.87","Merit+","29%","0.05","-0.08","0.18","326","17443","576.5","30.26","Dist-","0","-0.07","0.08","135769, 145008, 145134, 137673, 135234, 137152, 136185, 140845, 135980, 141269, 136186","11","1","10","0","0","0","11","1","10","0","0","0","10","1","9","0","0","0","994","709","126","574","466","136","326"
"202425","AcademicYear","Multi-academy trust","OUR LADY OF LOURDES CATHOLIC MULTIACADEMY TRUST","4581","TR01962","7743523","10059277","East Midlands","137409, 138810, 140698, 138341, 139623","5","5","0","0","0","0","1","0","4","4","4","0","0","0","0","1","0","3","370","34834","1061.7","32.81","C+","-0.14","-0.2","-0.07","4","38","2519","97.1","25.94","C-","10%","-0.66","-0.88","-0.44","324","31746","941.3","33.73","C+","-0.08","-0.15","-0.02","71","3150","107","29.44","Merit+","-0.06","-0.25","0.14","3","13","585","22","26.59","Merit","18%","0.02","-0.42","0.46","56","2515","83","30.3","Dist-","-0.08","-0.29","0.14","137409, 138810, 140698, 138341, 139623","5","5","0","0","0","0","5","5","0","0","0","0","4","4","0","0","0","0","401","370","38","324","71","13","56"
"202425","AcademicYear","Multi-academy trust","OUTWOOD GRANGE ACADEMIES TRUST","4119","TR01585","6995649","10058273","North East","143938, 135963, 145938, 144976, 135961, 141377, 138247, 138248","8","0","8","0","0","0","0","0","8","8","0","8","0","0","0","0","0","8","440","34950","1148.9","30.42","C","-0.44","-0.5","-0.38","4","49","2854","111.8","25.53","C-","11%","-0.58","-0.78","-0.37","389","32046","1032.1","31.05","C","-0.43","-0.49","-0.36","167","7622.5","276","27.62","Merit+","-0.2","-0.32","-0.09","4","36","1484","61.5","24.13","Merit","22%","-0.36","-0.59","-0.12","130","6103.5","213.5","28.59","Merit+","-0.16","-0.29","-0.04","143938, 135963, 145938, 144976, 135961, 141377, 138247, 138248","8","0","8","0","0","0","8","0","8","0","0","0","8","0","8","0","0","0","564","440","49","389","167","36","130"
"202425","AcademicYear","Multi-academy trust","PARTNERSHIP LEARNING","5485","TR01615","8339345","10053276","London","139791, 142908, 148932, 141683","4","1","0","2","1","0","1","0","3","0","0","0","0","0","0","0","0","0","277","30051","848.7","35.41","B-","0.03","-0.04","0.11","3","59","6099","180.9","33.71","C+","21%","0.13","-0.04","0.29","214","23792","661.8","35.95","B-","0.01","-0.07","0.09","SUPP","SUPP","SUPP","SUPP","SUPP","SUPP","SUPP","SUPP","SUPP","SUPP","SUPP","SUPP","SUPP","SUPP","SUPP","SUPP","SUPP","SUPP","SUPP","SUPP","SUPP","SUPP","SUPP","SUPP","SUPP","SUPP","139791, 142908, 148932, 141683, 136711, 137829, 135004","7","3","1","2","1","0","7","3","1","2","1","0","5","2","1","2","0","0","617","460","81","374","121","27","94"
"202425","AcademicYear","Multi-academy trust","REDHILL ACADEMY TRUST","4338","TR01767","7430317","10058403","East Midlands","136548, 146099, 137112, 137085, 140992, 144182, 136361","7","2","5","0","0","0","0","0","7","6","2","4","0","0","0","0","0","6","575","54827","1658.2","33.06","C+","0","-0.05","0.05","3","SUPPM","SUPPM","SUPPM","SUPPM","SUPPM","SUPPM","SUPPM","SUPPM","SUPPM","SUPPM","SUPPM","SUPPM","SUPPM","SUPPM","SUPPM","SUPPM","SUPPM","104","5346","158.5","33.73","Dist","0.4","0.22","0.59","2","28","1584","46.5","34.06","Dist","27%","0.54","0.17","0.91","74","3697","109","33.92","Dist","0.35","0.13","0.57","136548, 146099, 137112, 137085, 140992, 144182, 136361","7","2","5","0","0","0","7","2","5","0","0","0","6","2","4","0","0","0","701","575","82","488","104","28","74"
"202425","AcademicYear","Multi-academy trust","RIVER LEARNING TRUST","2644","TR00467","7966500","10059630","South East","137936, 147203, 148354, 138897, 140875, 137970, 139146, 138817","8","6","1","1","0","0","1","2","5","4","3","1","0","0","0","1","2","1","819","94991.1","2549.2","37.26","B-","0.04","0","0.08","3","62","5511","180.7","30.5","C","8%","-0.13","-0.29","0.02","740","88015.1","2324.3","37.87","B-","0.05","0.01","0.09","94","4557.5","167","27.29","Merit+","-0.27","-0.42","-0.12","4","23","1050","40.5","25.93","Merit","24%","-0.1","-0.39","0.2","65","3242.5","118.5","27.36","Merit+","-0.37","-0.55","-0.19","137936, 147203, 148354, 138897, 140875, 137970, 139146, 138817","8","6","1","1","0","0","8","6","1","1","0","0","4","3","1","0","0","0","902","819","62","740","94","23","68"
"202425","AcademicYear","Multi-academy trust","RUSSELL EDUCATION TRUST","4421","TR02562","7452885","10058425","London","139410, 141963, 138239, 136822, 139409","5","0","0","5","0","0","0","0","5","3","0","0","3","0","0","0","0","3","393","43921","1181.2","37.18","B-","0.07","0.01","0.13","2","SUPPM","SUPPM","SUPPM","SUPPM","SUPPM","SUPPM","SUPPM","SUPPM","SUPPM","SUPPM","SUPPM","SUPPM","SUPPM","SUPPM","SUPPM","SUPPM","SUPPM","38","1390","46","30.22","Dist-","-0.07","-0.32","0.18","3","8","250","10","25","Merit","21%","-0.04","-0.57","0.49","29","1115","35","31.86","Dist-","-0.08","-0.36","0.2","139410, 141963, 138239, 136822, 139409","5","0","0","5","0","0","5","0","0","5","0","0","3","0","0","3","0","0","422","393","37","351","38","8","29"
"202425","AcademicYear","Multi-academy trust","SAPIENTIA EDUCATION TRUST","16336","TR02551","7466353","10058443","East of England","139572, 140534, 136481","3","2","1","0","0","0","0","0","3","0","0","0","0","0","0","0","0","0","308","32066","910.8","35.21","B-","0.15","0.07","0.22","2","SUPPM","SUPPM","SUPPM","SUPPM","SUPPM","SUPPM","SUPPM","SUPPM","SUPPM","SUPPM","SUPPM","SUPPM","SUPPM","SUPPM","SUPPM","SUPPM","SUPPM","SUPP","SUPP","SUPP","SUPP","SUPP","SUPP","SUPP","SUPP","SUPP","SUPP","SUPP","SUPP","SUPP","SUPP","SUPP","SUPP","SUPP","SUPP","SUPP","SUPP","SUPP","SUPP","SUPP","SUPP","SUPP","SUPP","139572, 140534, 136481","3","2","1","0","0","0","3","2","1","0","0","0","2","1","1","0","0","0","337","308","19","266","36","2","33"
"202425","AcademicYear","Multi-academy trust","SCHOLARS EDUCATION TRUST","4533","TR01926","7697132","10059062","East of England","138582, 143131, 137270","3","1","2","0","0","0","0","0","3","3","1","2","0","0","0","0","0","3","271","28135","726.9","38.71","B","0.06","-0.01","0.14","3","SUPPM","SUPPM","SUPPM","SUPPM","SUPPM","SUPPM","SUPPM","SUPPM","SUPPM","SUPPM","SUPPM","SUPPM","SUPPM","SUPPM","SUPPM","SUPPM","SUPPM","146","6943.5","200.5","34.63","Dist","0.18","0.05","0.31","2","SUPP","SUPP","SUPP","SUPP","SUPP","SUPP","SUPP","SUPP","SUPP","SUPP","SUPP","SUPP","SUPP","SUPP","SUPP","SUPP","SUPP","138582, 149500, 143131, 137270, 137110, 150217","6","4","2","0","0","0","6","4","2","0","0","0","6","4","2","0","0","0","630","557","56","501","253","31","222"
"202425","AcademicYear","Multi-academy trust","ST THOMAS AQUINAS CATHOLIC MULTI ACADEMY TRUST","2354","TR00235","8090890","10059818","East Midlands","138298, 146196, 146232","3","3","0","0","0","0","0","0","3","3","3","0","0","0","0","0","0","3","301","31704","914.2","34.68","C+","0.03","-0.04","0.09","3","17","1652","48.8","33.85","C+","6%","-0.03","-0.33","0.27","278","29510","847","34.84","C+","0.03","-0.04","0.1","72","2453.5","90.5","27.11","Merit+","-0.32","-0.5","-0.14","4","6","204","8","25.5","Merit","8%","-0.18","-0.78","0.42","65","2224.5","81.5","27.29","Merit+","-0.34","-0.52","-0.15","138298, 146196, 146232","3","3","0","0","0","0","3","3","0","0","0","0","3","3","0","0","0","0","334","301","17","278","72","6","65"
"202425","AcademicYear","Multi-academy trust","STOWE VALLEY MULTI ACADEMY TRUST","16616","TR03608","10445759","10064277","West Midlands","145575, 147432, 143905","3","2","1","0","0","0","0","0","3","3","2","1","0","0","0","0","0","3","233","18197","557.7","32.63","C+","-0.03","-0.12","0.06","3","SUPPM","SUPPM","SUPPM","SUPPM","SUPPM","SUPPM","SUPPM","SUPPM","SUPPM","SUPPM","SUPPM","SUPPM","SUPPM","SUPPM","SUPPM","SUPPM","SUPPM","135","6634.5","225","29.49","Merit+","0.01","-0.1","0.12","3","SUPPM","SUPPM","SUPPM","SUPPM","SUPPM","SUPPM","SUPPM","SUPPM","SUPPM","SUPPM","SUPPM","SUPPM","SUPPM","SUPPM","SUPPM","SUPPM","SUPPM","145575, 147432, 143905","3","2","1","0","0","0","3","2","1","0","0","0","3","2","1","0","0","0","279","233","23","208","135","19","115"
"202425","AcademicYear","Multi-academy trust","SWALE ACADEMIES TRUST","4885","TR02230","7344732","10058331","South East","148712, 136286, 137687, 139075, 147897, 144354","6","3","3","0","0","0","2","0","4","6","3","3","0","0","0","2","0","4","201","9533","353.1","27","C-","-0.34","-0.45","-0.23","4","40","1451","61.3","23.67","D+","20%","-0.43","-0.71","-0.16","160","8002","289.8","27.61","C-","-0.32","-0.44","-0.2","266","15327.5","525.5","29.17","Merit+","0.03","-0.05","0.11","3","61","3565","130.5","27.32","Merit+","23%","-0.03","-0.2","0.13","204","11727.5","394","29.77","Merit+","0.05","-0.04","0.14","148712, 136286, 137687, 139075, 147897, 144354","6","3","3","0","0","0","6","3","3","0","0","0","6","3","3","0","0","0","436","201","40","160","266","61","204"
"202425","AcademicYear","Multi-academy trust","THE ARTHUR TERRY LEARNING PARTNERSHIP","2166","TR00089","7730920","10034759","West Midlands","146493, 136986, 138136, 137209","4","4","0","0","0","0","1","0","3","4","4","0","0","0","0","1","0","3","328","27491","894.1","30.75","C","-0.11","-0.18","-0.04","4","SUPPM","SUPPM","SUPPM","SUPPM","SUPPM","SUPPM","SUPPM","SUPPM","SUPPM","SUPPM","SUPPM","SUPPM","SUPPM","SUPPM","SUPPM","SUPPM","SUPPM","109","4889","164","29.81","Merit+","0.01","-0.13","0.14","3","15","560","21.5","26.05","Merit","14%","0.13","-0.25","0.52","84","3989","132.5","30.11","Dist-","0","-0.16","0.15","146493, 136986, 138136, 137209","4","4","0","0","0","0","4","4","0","0","0","0","4","4","0","0","0","0","374","328","38","290","109","15","94"
"202425","AcademicYear","Multi-academy trust","THE BROOKE WESTON TRUST","2471","TR00327","2400784","10058154","East Midlands","137867, 138254, 135306, 135317, 135967","5","0","4","1","0","0","0","0","5","5","0","4","1","0","0","0","0","5","321","25015","813.2","30.76","C","-0.26","-0.34","-0.19","4","35","1957","79.4","24.65","D+","11%","-0.58","-0.82","-0.34","278","22406","710","31.56","C","-0.23","-0.3","-0.15","172","7985.5","241.5","33.07","Dist-","0.02","-0.09","0.12","3","22","1138","34.5","32.99","Dist-","13%","0.01","-0.29","0.31","147","6753.5","204","33.11","Dist-","0.02","-0.1","0.13","137867, 138254, 135306, 135317, 135967","5","0","4","1","0","0","5","0","4","1","0","0","5","0","4","1","0","0","353","321","35","278","172","22","147"
"202425","AcademicYear","Multi-academy trust","THE CARDINAL HUME ACADEMIES TRUST","2543","TR00389","8148675","10059941","London","143082, 139362, 139369","3","3","0","0","0","0","0","0","3","3","3","0","0","0","0","0","0","3","287","25682","743.8","34.53","C+","0.16","0.09","0.24","2","86","7553","219","34.49","C+","30%","0.3","0.15","0.44","197","17771","515.5","34.47","C+","0.1","0.02","0.19","168","8830","319.5","27.64","Merit+","0.02","-0.08","0.11","3","57","2739.5","104.5","26.22","Merit","34%","-0.03","-0.2","0.13","107","5780.5","206","28.06","Merit+","0.04","-0.07","0.16","143082, 139362, 139369","3","3","0","0","0","0","3","3","0","0","0","0","3","3","0","0","0","0","385","287","86","197","168","57","107"
"202425","AcademicYear","Multi-academy trust","THE CONSORTIUM ACADEMY TRUST","3403","TR01041","7665828","10058879","Yorkshire and the Humber","145722, 137306, 136921, 144561","4","3","1","0","0","0","0","0","4","4","3","1","0","0","0","0","0","4","149","10591","347.1","30.51","C","-0.16","-0.27","-0.05","4","19","1101","40.6","27.12","C-","13%","-0.52","-0.86","-0.18","127","9140","297.5","30.72","C","-0.12","-0.23","0","105","4958","174.5","28.41","Merit+","0.23","0.1","0.35","2","21","982","39","25.18","Merit","20%","-0.03","-0.31","0.25","82","3926","133.5","29.41","Merit+","0.3","0.16","0.45","145722, 137306, 136921, 144561","4","3","1","0","0","0","4","3","1","0","0","0","4","3","1","0","0","0","211","149","19","127","105","21","82"
"202425","AcademicYear","Multi-academy trust","THE DAVID ROSS EDUCATION TRUST","2854","TR00633","6182612","10058206","East Midlands","144739, 135294, 139060, 138757, 136201, 141874","6","1","4","1","0","0","0","0","6","4","1","3","0","0","0","0","0","4","208","16198","568.3","28.5","C","-0.35","-0.44","-0.26","4","53","3556","145.3","24.47","D+","25%","-0.77","-0.96","-0.58","148","11931","400.4","29.8","C","-0.19","-0.3","-0.09","71","2339","76.5","30.58","Dist-","0.05","-0.14","0.23","3","15","745","24","31.04","Dist-","21%","0","-0.35","0.34","56","1594","52.5","30.36","Dist-","0.07","-0.15","0.28","144739, 135294, 139060, 138757, 136201, 141874","6","1","4","1","0","0","6","1","4","1","0","0","4","1","3","0","0","0","266","208","53","148","71","15","56"
"202425","AcademicYear","Multi-academy trust","THE DIOCESE OF WESTMINSTER ACADEMY TRUST","2928","TR00665","7944160","10059577","East of England","137995, 137938, 137895, 137922, 137994, 137925","6","6","0","0","0","0","0","0","6","5","5","0","0","0","0","0","0","5","659","65190","1810.4","36.01","B-","-0.06","-0.11","-0.01","4","SUPPM","SUPPM","SUPPM","SUPPM","SUPPM","SUPPM","SUPPM","SUPPM","SUPPM","SUPPM","SUPPM","SUPPM","SUPPM","SUPPM","SUPPM","SUPPM","SUPPM","164","7967.5","261","30.53","Dist-","0.12","0.01","0.24","2","22","1232.5","41","30.06","Dist-","13%","0.28","-0.02","0.57","141","6700","219","30.59","Dist-","0.09","-0.03","0.22","137995, 137938, 137895, 137922, 137994, 137925","6","6","0","0","0","0","6","6","0","0","0","0","5","5","0","0","0","0","742","659","62","590","164","22","141"
"202425","AcademicYear","Multi-academy trust","THE FOUR STONES MULTI ACADEMY TRUST","17145","TR00994","7652306","10058796","West Midlands","136898, 148338, 138032","3","2","1","0","0","0","0","1","2","3","2","1","0","0","0","0","1","2","208","15672","517.8","30.27","C","-0.15","-0.24","-0.06","4","24","1743","55","31.69","C+","12%","-0.17","-0.46","0.12","181","13799","456.3","30.24","C","-0.15","-0.24","-0.06","108","4271","144","29.66","Merit+","0.16","0.02","0.3","2","14","562","20","28.1","Merit+","13%","0.12","-0.28","0.51","92","3649","122","29.91","Merit+","0.16","0.01","0.31","136898, 148338, 138032","3","2","1","0","0","0","3","2","1","0","0","0","3","2","1","0","0","0","238","208","24","181","108","14","92"
"202425","AcademicYear","Multi-academy trust","THE FUTURES TRUST","15732","TR01671","8678162","10060589","West Midlands","142339, 148417, 145179, 140248","4","3","1","0","0","0","0","1","3","4","3","1","0","0","0","0","1","3","339","28435","923","30.81","C","-0.28","-0.35","-0.21","4","68","5699","193.3","29.48","C","20%","-0.4","-0.56","-0.24","266","22356","714.7","31.28","C","-0.24","-0.32","-0.17","125","7746.5","238","32.55","Dist-","0","-0.15","0.15","3","26","2204","66","33.39","Dist","21%","0.02","-0.32","0.35","98","5517.5","171","32.27","Dist-","-0.01","-0.17","0.16","142339, 148417, 145179, 138023, 140248","5","4","1","0","0","0","5","4","1","0","0","0","5","4","1","0","0","0","545","445","80","358","164","29","134"
"202425","AcademicYear","Multi-academy trust","THE HOWARD PARTNERSHIP TRUST","3493","TR01121","7597068","10058685","South East","144503, 136833, 142315","3","3","0","0","0","0","0","0","3","3","3","0","0","0","0","0","0","3","367","33305","982.9","33.88","C+","0.04","-0.03","0.1","3","30","2169","75.2","28.84","C","8%","-0.12","-0.36","0.12","336","31026","904.7","34.29","C+","0.05","-0.01","0.12","96","3369","132","25.52","Merit","-0.08","-0.23","0.08","3","10","259","13","19.92","Pass+","10%","-0.32","-0.81","0.16","86","3110","119","26.13","Merit","-0.05","-0.21","0.12","144503, 136833, 142315","3","3","0","0","0","0","3","3","0","0","0","0","3","3","0","0","0","0","419","367","30","336","96","10","86"
"202425","AcademicYear","Multi-academy trust","THE KEMNAL ACADEMIES TRUST","3586","TR01192","7348231","10058343","South East","136720, 138686, 136555, 137072, 136456, 140105, 138620","7","7","0","0","0","0","0","0","7","7","7","0","0","0","0","0","0","7","385","27054","899.7","30.07","C","-0.11","-0.18","-0.05","4","50","3134","110.9","28.26","C-","13%","-0.27","-0.47","-0.06","323","23030","762.8","30.19","C","-0.09","-0.16","-0.02","249","11062","386","28.66","Merit+","0.05","-0.03","0.14","3","44","2097","77.5","27.06","Merit+","18%","0.12","-0.08","0.31","166","7340","257.5","28.5","Merit+","0.05","-0.05","0.15","136720, 138686, 136555, 137072, 136456, 140105, 138620","7","7","0","0","0","0","7","7","0","0","0","0","7","7","0","0","0","0","582","385","50","330","249","44","203"
"202425","AcademicYear","Multi-academy trust","THE LAURUS TRUST","2627","TR00453","7907463","10054410","North West","143729, 145894, 137923, 137843","4","2","0","2","0","0","0","0","4","0","0","0","0","0","0","0","0","0","269","38287","911","42.03","B+","-0.06","-0.13","0.01","3","25","3276","86.4","37.92","B-","9%","-0.29","-0.53","-0.05","242","34662","817.5","42.4","B+","-0.03","-0.11","0.04","SUPP","SUPP","SUPP","SUPP","SUPP","SUPP","SUPP","SUPP","SUPP","SUPP","SUPP","SUPP","SUPP","SUPP","SUPP","SUPP","SUPP","SUPP","SUPP","SUPP","SUPP","SUPP","SUPP","SUPP","SUPP","SUPP","143729, 145894, 137923, 137843","4","2","0","2","0","0","4","2","0","2","0","0","0","0","0","0","0","0","271","269","25","242","0","0","0"
"202425","AcademicYear","Multi-academy trust","THE LEARNING PARTNERSHIP ACADEMIES TRUST","2766","TR00558","7538467","10058540","North West","140813, 142890, 138002, 136655","4","2","0","0","1","1","0","1","3","4","2","0","0","1","1","0","1","3","176","12963.7","389.2","33.31","C+","0.1","0","0.21","3","15","925","29.5","31.36","C","9%","0.26","-0.14","0.66","159","11998.7","357.7","33.54","C+","0.09","-0.02","0.2","92","3965","140.5","28.22","Merit+","0.16","0.01","0.31","2","SUPP","SUPP","SUPP","SUPP","SUPP","SUPP","SUPP","SUPP","SUPP","SUPP","SUPP","SUPP","SUPP","SUPP","SUPP","SUPP","SUPP","140813, 142890, 138002, 136655","4","2","0","0","1","1","4","2","0","0","1","1","4","2","0","0","1","1","255","176","15","159","92","6","86"
"202425","AcademicYear","Multi-academy trust","THE LEARNING TRUST","16429","TR00495","7523884","10058507","North West","143817, 144742, 136645","3","1","1","0","0","1","0","0","3","3","1","1","0","0","1","0","0","3","249","25061","781.8","32.06","C+","-0.12","-0.2","-0.04","4","29","2317","82.9","27.95","C-","12%","-0.29","-0.52","-0.05","203","21142","630.7","33.52","C+","-0.1","-0.18","-0.01","62","2006.5","66.5","30.17","Dist-","-0.28","-0.49","-0.07","4","11","240","11.5","20.87","Merit-","18%","-1.12","-1.66","-0.57","49","1691.5","52","32.53","Dist-","-0.1","-0.32","0.13","143817, 144742, 136645","3","1","1","0","0","1","3","1","1","0","0","1","3","1","1","0","0","1","279","249","29","203","62","11","49"
"202425","AcademicYear","Multi-academy trust","THE MERCIAN TRUST","16926","TR01715","7611347","10058703","West Midlands","146383, 135449, 139789, 136620, 136777, 136773, 137974","7","4","2","0","0","1","2","0","5","5","3","1","0","0","1","1","0","4","572","60057","1666.6","36.04","B-","-0.26","-0.31","-0.2","4","78","7261","217.3","33.41","C+","14%","-0.31","-0.47","-0.16","491","52528","1442.5","36.41","B-","-0.25","-0.3","-0.19","164","8720","284.5","30.65","Dist-","0.33","0.21","0.45","2","33","2051.5","66","31.08","Dist-","20%","0.44","0.17","0.71","131","6668.5","218.5","30.52","Dist-","0.3","0.16","0.44","146383, 135449, 139789, 136620, 136777, 136773, 137974","7","4","2","0","0","1","7","4","2","0","0","1","5","3","1","0","0","1","676","572","78","492","164","33","131"
"202425","AcademicYear","Multi-academy trust","THE OLYMPUS ACADEMY TRUST","4095","TR01568","7844791","10059430","South West","139067, 145502, 137753","3","1","2","0","0","0","0","0","3","3","1","2","0","0","0","0","0","3","293","24209","711","34.05","C+","-0.02","-0.1","0.06","3","22","1408","43.9","32.07","C+","8%","-0.23","-0.56","0.1","267","22371","655.6","34.12","C+","-0.01","-0.09","0.07","169","7556.5","244.5","30.91","Dist-","0.13","0.02","0.23","2","22","977","32","30.53","Dist-","13%","0.38","0.08","0.68","146","6519.5","210.5","30.97","Dist-","0.09","-0.03","0.2","139067, 145124, 145502, 137753","4","2","2","0","0","0","3","1","2","0","0","0","3","1","2","0","0","0","432","293","22","267","169","22","146"
"202425","AcademicYear","Multi-academy trust","THE PRIORY FEDERATION OF ACADEMIES","4253","TR01688","6462935","10058228","East Midlands","135563, 135564, 135565, 136194","4","0","4","0","0","0","0","0","4","4","0","4","0","0","0","0","0","4","350","28928","886.4","32.64","C+","-0.07","-0.14","0","3","SUPPM","SUPPM","SUPPM","SUPPM","SUPPM","SUPPM","SUPPM","SUPPM","SUPPM","SUPPM","SUPPM","SUPPM","SUPPM","SUPPM","SUPPM","SUPPM","SUPPM","196","11496.5","349.5","32.89","Dist-","0.13","0.03","0.23","2","SUPPM","SUPPM","SUPPM","SUPPM","SUPPM","SUPPM","SUPPM","SUPPM","SUPPM","SUPPM","SUPPM","SUPPM","SUPPM","SUPPM","SUPPM","SUPPM","SUPPM","135563, 135564, 135565, 136194","4","0","4","0","0","0","4","0","4","0","0","0","4","0","4","0","0","0","461","350","44","305","196","32","164"
"202425","AcademicYear","Multi-academy trust","THE ROSEDALE HEWENS ACADEMY TRUST","4397","TR01817","7683702","10058942","London","138368, 141035, 137077, 137078","4","2","0","0","0","2","0","0","4","4","2","0","0","0","2","0","0","4","62","5151","156.8","32.85","C+","-0.25","-0.42","-0.08","4","13","759","29","26.17","C-","21%","-0.7","-1.12","-0.28","46","4383","125.5","34.92","C+","-0.11","-0.3","0.07","59","3418.5","109","31.36","Dist-","-0.11","-0.3","0.07","3","15","774","28","27.64","Merit+","25%","-0.34","-0.7","0.01","44","2644.5","81","32.65","Dist-","-0.03","-0.25","0.18","138368, 141035, 137077, 137078","4","2","0","0","0","2","4","2","0","0","0","2","4","2","0","0","0","2","80","62","13","49","59","15","44"
"202425","AcademicYear","Multi-academy trust","THE SHEFFIELD UTC ACADEMY TRUST","16038","TR01898","7652696","10058801","Yorkshire and the Humber","139695, 142605, 147685","3","0","0","0","3","0","0","0","3","3","0","0","0","3","0","0","0","3","177","5057","219.4","23.05","D+","-0.49","-0.63","-0.34","4","39","628","40.1","15.66","D-","22%","-0.7","-1.04","-0.36","136","4357","175.5","24.83","D+","-0.44","-0.59","-0.28","87","3312.5","123.5","26.82","Merit+","-0.3","-0.49","-0.11","4","SUPPM","SUPPM","SUPPM","SUPPM","SUPPM","SUPPM","SUPPM","SUPPM","SUPPM","SUPPM","SUPPM","SUPPM","SUPPM","SUPPM","SUPPM","SUPPM","SUPPM","139695, 142605, 147685","3","0","0","0","3","0","3","0","0","0","3","0","3","0","0","0","3","0","267","177","39","136","87","26","61"
"202425","AcademicYear","Multi-academy trust","THE SIGMA TRUST","16257","TR00517","7926573","10059545","East of England","138084, 145061, 146794","3","2","1","0","0","0","0","0","3","3","2","1","0","0","0","0","0","3","153","8326","313.6","26.55","C-","-0.33","-0.45","-0.21","4","SUPPM","SUPPM","SUPPM","SUPPM","SUPPM","SUPPM","SUPPM","SUPPM","SUPPM","SUPPM","SUPPM","SUPPM","SUPPM","SUPPM","SUPPM","SUPPM","SUPPM","151","6266.5","232.5","26.95","Merit+","-0.1","-0.21","0.02","3","SUPPM","SUPPM","SUPPM","SUPPM","SUPPM","SUPPM","SUPPM","SUPPM","SUPPM","SUPPM","SUPPM","SUPPM","SUPPM","SUPPM","SUPPM","SUPPM","SUPPM","138084, 145061, 146794","3","2","1","0","0","0","3","2","1","0","0","0","3","2","1","0","0","0","330","153","26","118","151","31","112"
"202425","AcademicYear","Multi-academy trust","THE SPENCER ACADEMIES TRUST","4609","TR01987","7353824","10058352","East Midlands","137606, 136291, 145500, 145327, 146562, 138482","6","5","1","0","0","0","0","0","6","6","5","1","0","0","0","0","0","6","772","80265","2175.7","36.89","B-","0.06","0.01","0.1","2","78","6765","207.6","32.59","C+","10%","0.07","-0.08","0.23","693","73370","1965.1","37.34","B-","0.05","0.01","0.1","223","10596.5","322","32.91","Dist-","0.08","-0.03","0.19","3","35","1861.5","59.5","31.29","Dist-","16%","-0.12","-0.42","0.18","150","7384","223.5","33.04","Dist-","0.06","-0.07","0.18","137606, 136291, 145500, 145327, 146562, 138482","6","5","1","0","0","0","6","5","1","0","0","0","6","5","1","0","0","0","875","772","78","693","223","35","188"
"202425","AcademicYear","Multi-academy trust","THE TED WRAGG MULTI ACADEMY TRUST","4909","TR02247","8545109","10060466","South West","147967, 136668, 136646","3","2","1","0","0","0","1","1","1","0","0","0","0","0","0","0","0","0","137","10411","337.5","30.85","C","-0.29","-0.4","-0.17","4","27","1875","61","30.74","C","20%","-0.12","-0.4","0.16","108","8476","273.5","30.99","C","-0.32","-0.45","-0.2","SUPP","SUPP","SUPP","SUPP","SUPP","SUPP","SUPP","SUPP","SUPP","SUPP","SUPP","SUPP","SUPP","SUPP","SUPP","SUPP","SUPP","SUPP","SUPP","SUPP","SUPP","SUPP","SUPP","SUPP","SUPP","SUPP","147967, 137206, 136668, 136646, 149602","5","4","1","0","0","0","5","4","1","0","0","0","4","3","1","0","0","0","357","235","37","193","116","33","83"
"202425","AcademicYear","Multi-academy trust","THE THINKING SCHOOLS ACADEMY TRUST","5049","TR02276","7359755","10058356","South East","148369, 136556, 137755, 136594, 136313, 136108, 146624","7","5","2","0","0","0","2","1","4","6","4","2","0","0","0","2","1","3","477","49135.9","1473.6","33.34","C+","-0.2","-0.26","-0.14","4","49","4165","138.1","30.16","C","10%","-0.25","-0.45","-0.06","423","44611.2","1322.2","33.74","C+","-0.2","-0.26","-0.13","136","6096","241.5","25.24","Merit","-0.11","-0.23","0.01","3","17","651","31","21","Merit-","13%","-0.24","-0.59","0.1","111","5256","198","26.55","Merit","-0.07","-0.2","0.06","148369, 136556, 137755, 149899, 136594, 136313, 136108, 146624","8","6","2","0","0","0","8","6","2","0","0","0","7","5","2","0","0","0","770","679","52","616","137","17","115"
"202425","AcademicYear","Multi-academy trust","THE TWO COUNTIES TRUST","16093","TR00097","7972029","10059639","East Midlands","145966, 142741, 146451, 137981, 137158","5","5","0","0","0","0","0","0","5","4","4","0","0","0","0","0","0","4","414","32863","1002.8","32.77","C+","-0.11","-0.17","-0.04","4","50","3351","114.5","29.27","C","12%","-0.35","-0.55","-0.15","361","29293","881","33.25","C+","-0.08","-0.15","-0.01","207","9156.5","300","30.52","Dist-","-0.11","-0.21","-0.01","4","31","1244","44.5","27.96","Merit+","15%","-0.24","-0.51","0.03","176","7912.5","255.5","30.97","Dist-","-0.09","-0.2","0.02","145966, 142741, 146451, 137981, 137158","5","5","0","0","0","0","5","5","0","0","0","0","4","4","0","0","0","0","600","414","50","361","207","31","176"
"202425","AcademicYear","Multi-academy trust","THE WHITE HORSE FEDERATION","5315","TR02468","8075785","10048061","South West","137160, 146344, 138630, 130247","4","3","1","0","0","0","0","0","4","4","3","1","0","0","0","0","0","4","254","21133","663.1","31.87","C+","-0.15","-0.23","-0.07","4","19","1148","46.7","24.58","D+","7%","-0.54","-0.85","-0.23","232","19945","610.4","32.68","C+","-0.12","-0.21","-0.04","120","6378.25","183.5","34.76","Dist","0.17","0.01","0.34","2","12","535","17.5","30.57","Dist-","10%","-0.19","-0.71","0.33","105","5653.25","160","35.33","Dist","0.21","0.04","0.38","137160, 146344, 138630, 130247","4","3","1","0","0","0","4","3","1","0","0","0","4","3","1","0","0","0","330","254","19","232","120","12","105"
"202425","AcademicYear","Multi-academy trust","THOMAS TELFORD MULTI ACADEMY TRUST","16830","TR01870","4798185","10058173","West Midlands","133697, 140160, 134993, 135149","4","0","3","0","1","0","0","0","4","4","0","3","0","1","0","0","0","4","388","28213","857.3","32.91","C+","0.15","0.08","0.22","2","66","4355","140","31.11","C","17%","0.12","-0.07","0.31","315","23368","699.8","33.39","C+","0.16","0.08","0.24","368","27950.5","834","33.51","Dist","0.19","0.13","0.26","2","85","6231","192","32.45","Dist-","23%","0.12","-0.02","0.26","280","21522","637.5","33.76","Dist","0.21","0.14","0.29","133697, 140160, 134993, 135149","4","0","3","0","1","0","4","0","3","0","1","0","4","0","3","0","1","0","621","388","66","315","368","85","280"
"202425","AcademicYear","Multi-academy trust","TOVE LEARNING TRUST","16243","TR01990","7525820","10058513","East Midlands","129342, 135956, 149433, 146209, 145736, 148835, 136488, 143421, 135335","9","3","6","0","0","0","1","1","7","9","3","6","0","0","0","1","1","7","423","27785","959.9","28.95","C","-0.26","-0.33","-0.2","4","68","3452","131.4","26.27","C-","16%","-0.25","-0.44","-0.06","353","24095","820.9","29.35","C","-0.27","-0.34","-0.2","316","16695.5","542.5","30.78","Dist-","-0.02","-0.1","0.05","3","69","3867.5","131","29.52","Merit+","22%","0.03","-0.13","0.2","244","12666","406.5","31.16","Dist-","-0.04","-0.13","0.04","129342, 135956, 149433, 146209, 145736, 148835, 136488, 143421, 135335","9","3","6","0","0","0","9","3","6","0","0","0","9","3","6","0","0","0","574","423","68","353","316","69","244"
"202425","AcademicYear","Multi-academy trust","TUDOR GRANGE ACADEMIES TRUST","5128","TR02332","7365748","10058359","West Midlands","146379, 136310, 140731, 137161, 135913","5","3","2","0","0","0","0","0","5","3","1","2","0","0","0","0","0","3","353","38319","1077.3","35.57","B-","0.12","0.06","0.19","2","30","2280","81.6","27.94","C-","8%","-0.12","-0.37","0.12","314","35300","968.4","36.45","B-","0.14","0.08","0.21","60","2844","109","26.09","Merit","-0.08","-0.31","0.14","3","19","701","28.5","24.6","Merit","32%","-0.27","-0.75","0.21","40","2103","77.5","27.14","Merit+","-0.01","-0.27","0.25","146379, 136310, 140731, 137161, 135913","5","3","2","0","0","0","5","3","2","0","0","0","3","1","2","0","0","0","421","353","30","314","60","19","40"
"202425","AcademicYear","Multi-academy trust","TWYFORD CHURCH OF ENGLAND ACADEMIES TRUST","5132","TR02337","7648968","10058781","London","139725, 145724, 137546","3","1","0","2","0","0","0","0","3","0","0","0","0","0","0","0","0","0","475","61031","1472.1","41.46","B","-0.08","-0.14","-0.03","4","SUPPM","SUPPM","SUPPM","SUPPM","SUPPM","SUPPM","SUPPM","SUPPM","SUPPM","SUPPM","SUPPM","SUPPM","SUPPM","SUPPM","SUPPM","SUPPM","SUPPM","SUPP","SUPP","SUPP","SUPP","SUPP","SUPP","SUPP","SUPP","SUPP","SUPP","SUPP","SUPP","SUPP","SUPP","SUPP","SUPP","SUPP","SUPP","SUPP","SUPP","SUPP","SUPP","SUPP","SUPP","SUPP","SUPP","139725, 145724, 137546","3","1","0","2","0","0","3","1","0","2","0","0","0","0","0","0","0","0","511","475","65","405","0","0","0"
"202425","AcademicYear","Multi-academy trust","UNITED LEARNING TRUST","5143","TR02343","4439859","10037395","North West","147439, 145313, 130912, 140962, 144502, 136551, 135296, 135364, 140265, 136636, 131895, 135649, 135365, 138193, 137782, 135966, 134815, 148003, 132727, 135760, 135962, 134814, 135621, 139664","24","3","18","2","1","0","0","0","24","19","1","16","1","1","0","0","0","19","1631","160592.5","4507.7","35.63","B-","-0.05","-0.08","-0.02","4","334","30292.5","902.4","33.57","C+","20%","-0.13","-0.21","-0.06","1265","127425.5","3511.6","36.29","B-","-0.03","-0.07","0","575","35548","1092.5","32.54","Dist-","0.06","-0.01","0.13","3","157","10602.5","336.5","31.51","Dist-","27%","-0.02","-0.15","0.12","406","24370.5","739","32.98","Dist-","0.09","0.01","0.17","147439, 149543, 149632, 145313, 130912, 140962, 144502, 136551, 135296, 135364, 140265, 136636, 131895, 135649, 135365, 150038, 138193, 137782, 135966, 137087, 134815, 148003, 132727, 135760, 135962, 134814, 135621, 139664","28","7","18","2","1","0","28","7","18","2","1","0","22","4","16","1","1","0","2455","1914","377","1504","660","173","477"
"202425","AcademicYear","Multi-academy trust","UNITY SCHOOLS PARTNERSHIP","4454","TR01862","7400386","10058379","East of England","136322, 137321, 141639, 145944","4","2","2","0","0","0","0","0","4","4","2","2","0","0","0","0","0","4","248","17744","615.1","28.85","C","-0.24","-0.33","-0.16","4","38","2559","94.3","27.14","C-","15%","-0.4","-0.62","-0.17","201","14875","498.8","29.82","C","-0.21","-0.3","-0.12","99","4024","137.5","29.27","Merit+","0.27","0.11","0.43","2","18","679.5","24.5","27.73","Merit+","18%","0.45","0.07","0.84","79","3259.5","110.5","29.5","Merit+","0.23","0.05","0.4","136322, 137321, 141639, 145944","4","2","2","0","0","0","4","2","2","0","0","0","4","2","2","0","0","0","291","248","38","201","99","18","79"
"202425","AcademicYear","Multi-academy trust","VALLEY INVICTA ACADEMIES TRUST","5178","TR02362","7559256","10058619","South East","136581, 143954, 136582","3","2","1","0","0","0","0","0","3","3","2","1","0","0","0","0","0","3","308","29475","782.3","37.68","B-","0.02","-0.06","0.09","3","SUPPM","SUPPM","SUPPM","SUPPM","SUPPM","SUPPM","SUPPM","SUPPM","SUPPM","SUPPM","SUPPM","SUPPM","SUPPM","SUPPM","SUPPM","SUPPM","SUPPM","159","6851.5","268","25.57","Merit","-0.23","-0.34","-0.12","4","SUPP","SUPP","SUPP","SUPP","SUPP","SUPP","SUPP","SUPP","SUPP","SUPP","SUPP","SUPP","SUPP","SUPP","SUPP","SUPP","SUPP","136581, 143954, 136582","3","2","1","0","0","0","3","2","1","0","0","0","3","2","1","0","0","0","366","308","22","285","159","12","142"
"202425","AcademicYear","Multi-academy trust","WESTCOUNTRY SCHOOLS TRUST","3547","TR01159","7398467","10057945","South West","136557, 136568, 136558, 140104, 136569, 136336, 143649","7","7","0","0","0","0","0","1","6","7","7","0","0","0","0","0","1","6","568","48182","1387.1","34.74","C+","0.12","0.06","0.17","2","50","3656","117.6","31.09","C","9%","-0.1","-0.31","0.1","516","44394","1265.7","35.07","B-","0.14","0.08","0.19","306","14555","439.5","33.12","Dist-","0.34","0.25","0.42","2","31","1409","46","30.63","Dist-","10%","0.36","0.11","0.61","273","12972","387.5","33.48","Dist","0.33","0.25","0.42","136557, 136568, 136558, 140104, 136569, 136336, 143649","7","7","0","0","0","0","7","7","0","0","0","0","7","7","0","0","0","0","682","568","50","516","306","31","273"
"202425","AcademicYear","Multi-academy trust","WINDSOR ACADEMY TRUST","5361","TR02503","7523436","10058502","West Midlands","136618, 146443, 144988","3","2","1","0","0","0","0","0","3","3","2","1","0","0","0","0","0","3","242","18483","616.4","29.99","C","-0.13","-0.21","-0.04","4","SUPPM","SUPPM","SUPPM","SUPPM","SUPPM","SUPPM","SUPPM","SUPPM","SUPPM","SUPPM","SUPPM","SUPPM","SUPPM","SUPPM","SUPPM","SUPPM","SUPPM","113","5798","184","31.51","Dist-","0.1","-0.03","0.23","3","19","913","28","32.61","Dist-","17%","0.31","0","0.63","94","4885","156","31.31","Dist-","0.06","-0.08","0.2","136618, 146443, 144988","3","2","1","0","0","0","3","2","1","0","0","0","3","2","1","0","0","0","294","242","36","205","113","19","94"
"202425","AcademicYear","Multi-academy trust","WOODARD ACADEMIES TRUST","5385","TR02518","6415729","10027236","South East","139658, 135744, 135745","3","0","3","0","0","0","0","0","3","0","0","0","0","0","0","0","0","0","161","15739","463.4","33.96","C+","0.11","0.01","0.2","2","21","1712","54.3","31.53","C","13%","0.25","-0.04","0.55","139","13917","406.1","34.27","C+","0.09","-0.01","0.19","SUPP","SUPP","SUPP","SUPP","SUPP","SUPP","SUPP","SUPP","SUPP","SUPP","SUPP","SUPP","SUPP","SUPP","SUPP","SUPP","SUPP","SUPP","SUPP","SUPP","SUPP","SUPP","SUPP","SUPP","SUPP","SUPP","139658, 135744, 135745","3","0","3","0","0","0","3","0","3","0","0","0","2","0","2","0","0","0","217","161","21","139","19","4","15"
"202425","AcademicYear","Multi-academy trust","XAVIER CATHOLIC EDUCATION TRUST","16307","TR03468","10236797","10057399","South East","143369, 143367, 147430","3","3","0","0","0","0","0","0","3","3","3","0","0","0","0","0","0","3","523","63338.2","1503.97","42.11","B+","0.14","0.09","0.2","2","27","2546","69.9","36.42","B-","5%","-0.11","-0.37","0.15","489","59947.2","1413.77","42.4","B+","0.16","0.1","0.21","86","4330","122.5","35.35","Dist","0.28","0.12","0.44","2","8","410","11","37.27","Dist+","9%","0.18","-0.33","0.69","77","3845","110","34.95","Dist","0.29","0.13","0.46","143369, 143367, 147430","3","3","0","0","0","0","3","3","0","0","0","0","3","3","0","0","0","0","562","523","27","489","86","8","77"
